Command line invocation:
    /Applications/Xcode.app/Contents/Developer/usr/bin/xcodebuild -scheme TroLyNhac -sdk iphonesimulator -destination "generic/platform=iOS Simulator" build

Build settings from command line:
    SDKROOT = iphonesimulator26.5

ComputePackagePrebuildTargetDependencyGraph

Prepare packages

CreateBuildRequest

SendProjectDescription

CreateBuildOperation

ComputeTargetDependencyGraph
note: Building targets in dependency order
note: Target dependency graph (1 target)
    Target 'TroLyNhac' in project 'TroLyNhac' (no dependencies)

GatherProvisioningInputs

CreateBuildDescription

ExecuteExternalTool /Applications/Xcode.app/Contents/Developer/Toolchains/XcodeDefault.xctoolchain/usr/bin/clang -v -E -dM -isysroot /Applications/Xcode.app/Contents/Developer/Platforms/iPhoneSimulator.platform/Developer/SDKs/iPhoneSimulator26.5.sdk -x c -c /dev/null

ExecuteExternalTool /Applications/Xcode.app/Contents/Developer/Toolchains/XcodeDefault.xctoolchain/usr/bin/swiftc --version

ExecuteExternalTool /Applications/Xcode.app/Contents/Developer/Toolchains/XcodeDefault.xctoolchain/usr/bin/ld -version_details

Build description signature: dbc4175c4728baf714f72807943fcaf6
Build description path: /Users/kien/Library/Developer/Xcode/DerivedData/TroLyNhac-biwnbarwgtouqngqzociyeitncoc/Build/Intermediates.noindex/XCBuildData/dbc4175c4728baf714f72807943fcaf6.xcbuilddata
ClangStatCache /Applications/Xcode.app/Contents/Developer/Toolchains/XcodeDefault.xctoolchain/usr/bin/clang-stat-cache /Applications/Xcode.app/Contents/Developer/Platforms/iPhoneSimulator.platform/Developer/SDKs/iPhoneSimulator26.5.sdk /Users/kien/Library/Developer/Xcode/DerivedData/SDKStatCaches.noindex/iphonesimulator26.5-23F81a-688ef53f1462e2c8f657fdc38a81448f6cfe768891a92b912361537c460fe42b.sdkstatcache
    cd /Users/kien/Project/navidrome/ios/TroLyNhac.xcodeproj
    /Applications/Xcode.app/Contents/Developer/Toolchains/XcodeDefault.xctoolchain/usr/bin/clang-stat-cache /Applications/Xcode.app/Contents/Developer/Platforms/iPhoneSimulator.platform/Developer/SDKs/iPhoneSimulator26.5.sdk -o /Users/kien/Library/Developer/Xcode/DerivedData/SDKStatCaches.noindex/iphonesimulator26.5-23F81a-688ef53f1462e2c8f657fdc38a81448f6cfe768891a92b912361537c460fe42b.sdkstatcache

WriteAuxiliaryFile /Users/kien/Library/Developer/Xcode/DerivedData/TroLyNhac-biwnbarwgtouqngqzociyeitncoc/Build/Intermediates.noindex/TroLyNhac.build/Debug-iphonesimulator/TroLyNhac.build/TroLyNhac.DependencyStaticMetadataFileList (in target 'TroLyNhac' from project 'TroLyNhac')
    cd /Users/kien/Project/navidrome/ios
    write-file /Users/kien/Library/Developer/Xcode/DerivedData/TroLyNhac-biwnbarwgtouqngqzociyeitncoc/Build/Intermediates.noindex/TroLyNhac.build/Debug-iphonesimulator/TroLyNhac.build/TroLyNhac.DependencyStaticMetadataFileList

WriteAuxiliaryFile /Users/kien/Library/Developer/Xcode/DerivedData/TroLyNhac-biwnbarwgtouqngqzociyeitncoc/Build/Intermediates.noindex/TroLyNhac.build/Debug-iphonesimulator/TroLyNhac.build/TroLyNhac.hmap (in target 'TroLyNhac' from project 'TroLyNhac')
    cd /Users/kien/Project/navidrome/ios
    write-file /Users/kien/Library/Developer/Xcode/DerivedData/TroLyNhac-biwnbarwgtouqngqzociyeitncoc/Build/Intermediates.noindex/TroLyNhac.build/Debug-iphonesimulator/TroLyNhac.build/TroLyNhac.hmap

WriteAuxiliaryFile /Users/kien/Library/Developer/Xcode/DerivedData/TroLyNhac-biwnbarwgtouqngqzociyeitncoc/Build/Intermediates.noindex/TroLyNhac.build/Debug-iphonesimulator/TroLyNhac.build/TroLyNhac.DependencyMetadataFileList (in target 'TroLyNhac' from project 'TroLyNhac')
    cd /Users/kien/Project/navidrome/ios
    write-file /Users/kien/Library/Developer/Xcode/DerivedData/TroLyNhac-biwnbarwgtouqngqzociyeitncoc/Build/Intermediates.noindex/TroLyNhac.build/Debug-iphonesimulator/TroLyNhac.build/TroLyNhac.DependencyMetadataFileList

WriteAuxiliaryFile /Users/kien/Library/Developer/Xcode/DerivedData/TroLyNhac-biwnbarwgtouqngqzociyeitncoc/Build/Intermediates.noindex/TroLyNhac.build/Debug-iphonesimulator/TroLyNhac.build/TroLyNhac-project-headers.hmap (in target 'TroLyNhac' from project 'TroLyNhac')
    cd /Users/kien/Project/navidrome/ios
    write-file /Users/kien/Library/Developer/Xcode/DerivedData/TroLyNhac-biwnbarwgtouqngqzociyeitncoc/Build/Intermediates.noindex/TroLyNhac.build/Debug-iphonesimulator/TroLyNhac.build/TroLyNhac-project-headers.hmap

WriteAuxiliaryFile /Users/kien/Library/Developer/Xcode/DerivedData/TroLyNhac-biwnbarwgtouqngqzociyeitncoc/Build/Intermediates.noindex/TroLyNhac.build/Debug-iphonesimulator/TroLyNhac.build/TroLyNhac-own-target-headers.hmap (in target 'TroLyNhac' from project 'TroLyNhac')
    cd /Users/kien/Project/navidrome/ios
    write-file /Users/kien/Library/Developer/Xcode/DerivedData/TroLyNhac-biwnbarwgtouqngqzociyeitncoc/Build/Intermediates.noindex/TroLyNhac.build/Debug-iphonesimulator/TroLyNhac.build/TroLyNhac-own-target-headers.hmap

WriteAuxiliaryFile /Users/kien/Library/Developer/Xcode/DerivedData/TroLyNhac-biwnbarwgtouqngqzociyeitncoc/Build/Intermediates.noindex/TroLyNhac.build/Debug-iphonesimulator/TroLyNhac.build/TroLyNhac-generated-files.hmap (in target 'TroLyNhac' from project 'TroLyNhac')
    cd /Users/kien/Project/navidrome/ios
    write-file /Users/kien/Library/Developer/Xcode/DerivedData/TroLyNhac-biwnbarwgtouqngqzociyeitncoc/Build/Intermediates.noindex/TroLyNhac.build/Debug-iphonesimulator/TroLyNhac.build/TroLyNhac-generated-files.hmap

WriteAuxiliaryFile /Users/kien/Library/Developer/Xcode/DerivedData/TroLyNhac-biwnbarwgtouqngqzociyeitncoc/Build/Intermediates.noindex/TroLyNhac.build/Debug-iphonesimulator/TroLyNhac.build/TroLyNhac-all-target-headers.hmap (in target 'TroLyNhac' from project 'TroLyNhac')
    cd /Users/kien/Project/navidrome/ios
    write-file /Users/kien/Library/Developer/Xcode/DerivedData/TroLyNhac-biwnbarwgtouqngqzociyeitncoc/Build/Intermediates.noindex/TroLyNhac.build/Debug-iphonesimulator/TroLyNhac.build/TroLyNhac-all-target-headers.hmap

WriteAuxiliaryFile /Users/kien/Library/Developer/Xcode/DerivedData/TroLyNhac-biwnbarwgtouqngqzociyeitncoc/Build/Intermediates.noindex/TroLyNhac.build/Debug-iphonesimulator/TroLyNhac.build/TroLyNhac-all-non-framework-target-headers.hmap (in target 'TroLyNhac' from project 'TroLyNhac')
    cd /Users/kien/Project/navidrome/ios
    write-file /Users/kien/Library/Developer/Xcode/DerivedData/TroLyNhac-biwnbarwgtouqngqzociyeitncoc/Build/Intermediates.noindex/TroLyNhac.build/Debug-iphonesimulator/TroLyNhac.build/TroLyNhac-all-non-framework-target-headers.hmap

WriteAuxiliaryFile /Users/kien/Library/Developer/Xcode/DerivedData/TroLyNhac-biwnbarwgtouqngqzociyeitncoc/Build/Intermediates.noindex/TroLyNhac.build/Debug-iphonesimulator/TroLyNhac.build/TroLyNhac-DebugDylibPath-normal-x86_64.txt (in target 'TroLyNhac' from project 'TroLyNhac')
    cd /Users/kien/Project/navidrome/ios
    write-file /Users/kien/Library/Developer/Xcode/DerivedData/TroLyNhac-biwnbarwgtouqngqzociyeitncoc/Build/Intermediates.noindex/TroLyNhac.build/Debug-iphonesimulator/TroLyNhac.build/TroLyNhac-DebugDylibPath-normal-x86_64.txt

WriteAuxiliaryFile /Users/kien/Library/Developer/Xcode/DerivedData/TroLyNhac-biwnbarwgtouqngqzociyeitncoc/Build/Intermediates.noindex/TroLyNhac.build/Debug-iphonesimulator/TroLyNhac.build/TroLyNhac-DebugDylibPath-normal-arm64.txt (in target 'TroLyNhac' from project 'TroLyNhac')
    cd /Users/kien/Project/navidrome/ios
    write-file /Users/kien/Library/Developer/Xcode/DerivedData/TroLyNhac-biwnbarwgtouqngqzociyeitncoc/Build/Intermediates.noindex/TroLyNhac.build/Debug-iphonesimulator/TroLyNhac.build/TroLyNhac-DebugDylibPath-normal-arm64.txt

WriteAuxiliaryFile /Users/kien/Library/Developer/Xcode/DerivedData/TroLyNhac-biwnbarwgtouqngqzociyeitncoc/Build/Intermediates.noindex/TroLyNhac.build/Debug-iphonesimulator/TroLyNhac.build/TroLyNhac-DebugDylibInstallName-normal-x86_64.txt (in target 'TroLyNhac' from project 'TroLyNhac')
    cd /Users/kien/Project/navidrome/ios
    write-file /Users/kien/Library/Developer/Xcode/DerivedData/TroLyNhac-biwnbarwgtouqngqzociyeitncoc/Build/Intermediates.noindex/TroLyNhac.build/Debug-iphonesimulator/TroLyNhac.build/TroLyNhac-DebugDylibInstallName-normal-x86_64.txt

WriteAuxiliaryFile /Users/kien/Library/Developer/Xcode/DerivedData/TroLyNhac-biwnbarwgtouqngqzociyeitncoc/Build/Intermediates.noindex/TroLyNhac.build/Debug-iphonesimulator/TroLyNhac.build/TroLyNhac-DebugDylibInstallName-normal-arm64.txt (in target 'TroLyNhac' from project 'TroLyNhac')
    cd /Users/kien/Project/navidrome/ios
    write-file /Users/kien/Library/Developer/Xcode/DerivedData/TroLyNhac-biwnbarwgtouqngqzociyeitncoc/Build/Intermediates.noindex/TroLyNhac.build/Debug-iphonesimulator/TroLyNhac.build/TroLyNhac-DebugDylibInstallName-normal-arm64.txt

WriteAuxiliaryFile /Users/kien/Library/Developer/Xcode/DerivedData/TroLyNhac-biwnbarwgtouqngqzociyeitncoc/Build/Intermediates.noindex/TroLyNhac.build/Debug-iphonesimulator/TroLyNhac.build/Objects-normal/x86_64/TroLyNhac_const_extract_protocols.json (in target 'TroLyNhac' from project 'TroLyNhac')
    cd /Users/kien/Project/navidrome/ios
    write-file /Users/kien/Library/Developer/Xcode/DerivedData/TroLyNhac-biwnbarwgtouqngqzociyeitncoc/Build/Intermediates.noindex/TroLyNhac.build/Debug-iphonesimulator/TroLyNhac.build/Objects-normal/x86_64/TroLyNhac_const_extract_protocols.json

WriteAuxiliaryFile /Users/kien/Library/Developer/Xcode/DerivedData/TroLyNhac-biwnbarwgtouqngqzociyeitncoc/Build/Intermediates.noindex/TroLyNhac.build/Debug-iphonesimulator/TroLyNhac.build/Objects-normal/x86_64/TroLyNhac.SwiftFileList (in target 'TroLyNhac' from project 'TroLyNhac')
    cd /Users/kien/Project/navidrome/ios
    write-file /Users/kien/Library/Developer/Xcode/DerivedData/TroLyNhac-biwnbarwgtouqngqzociyeitncoc/Build/Intermediates.noindex/TroLyNhac.build/Debug-iphonesimulator/TroLyNhac.build/Objects-normal/x86_64/TroLyNhac.SwiftFileList

WriteAuxiliaryFile /Users/kien/Library/Developer/Xcode/DerivedData/TroLyNhac-biwnbarwgtouqngqzociyeitncoc/Build/Intermediates.noindex/TroLyNhac.build/Debug-iphonesimulator/TroLyNhac.build/Objects-normal/x86_64/TroLyNhac.SwiftConstValuesFileList (in target 'TroLyNhac' from project 'TroLyNhac')
    cd /Users/kien/Project/navidrome/ios
    write-file /Users/kien/Library/Developer/Xcode/DerivedData/TroLyNhac-biwnbarwgtouqngqzociyeitncoc/Build/Intermediates.noindex/TroLyNhac.build/Debug-iphonesimulator/TroLyNhac.build/Objects-normal/x86_64/TroLyNhac.SwiftConstValuesFileList

WriteAuxiliaryFile /Users/kien/Library/Developer/Xcode/DerivedData/TroLyNhac-biwnbarwgtouqngqzociyeitncoc/Build/Intermediates.noindex/TroLyNhac.build/Debug-iphonesimulator/TroLyNhac.build/Objects-normal/x86_64/TroLyNhac.LinkFileList (in target 'TroLyNhac' from project 'TroLyNhac')
    cd /Users/kien/Project/navidrome/ios
    write-file /Users/kien/Library/Developer/Xcode/DerivedData/TroLyNhac-biwnbarwgtouqngqzociyeitncoc/Build/Intermediates.noindex/TroLyNhac.build/Debug-iphonesimulator/TroLyNhac.build/Objects-normal/x86_64/TroLyNhac.LinkFileList

WriteAuxiliaryFile /Users/kien/Library/Developer/Xcode/DerivedData/TroLyNhac-biwnbarwgtouqngqzociyeitncoc/Build/Intermediates.noindex/TroLyNhac.build/Debug-iphonesimulator/TroLyNhac.build/Objects-normal/x86_64/TroLyNhac-OutputFileMap.json (in target 'TroLyNhac' from project 'TroLyNhac')
    cd /Users/kien/Project/navidrome/ios
    write-file /Users/kien/Library/Developer/Xcode/DerivedData/TroLyNhac-biwnbarwgtouqngqzociyeitncoc/Build/Intermediates.noindex/TroLyNhac.build/Debug-iphonesimulator/TroLyNhac.build/Objects-normal/x86_64/TroLyNhac-OutputFileMap.json

WriteAuxiliaryFile /Users/kien/Library/Developer/Xcode/DerivedData/TroLyNhac-biwnbarwgtouqngqzociyeitncoc/Build/Intermediates.noindex/TroLyNhac.build/Debug-iphonesimulator/TroLyNhac.build/Objects-normal/arm64/TroLyNhac_const_extract_protocols.json (in target 'TroLyNhac' from project 'TroLyNhac')
    cd /Users/kien/Project/navidrome/ios
    write-file /Users/kien/Library/Developer/Xcode/DerivedData/TroLyNhac-biwnbarwgtouqngqzociyeitncoc/Build/Intermediates.noindex/TroLyNhac.build/Debug-iphonesimulator/TroLyNhac.build/Objects-normal/arm64/TroLyNhac_const_extract_protocols.json

WriteAuxiliaryFile /Users/kien/Library/Developer/Xcode/DerivedData/TroLyNhac-biwnbarwgtouqngqzociyeitncoc/Build/Intermediates.noindex/TroLyNhac.build/Debug-iphonesimulator/TroLyNhac.build/Objects-normal/arm64/TroLyNhac.SwiftFileList (in target 'TroLyNhac' from project 'TroLyNhac')
    cd /Users/kien/Project/navidrome/ios
    write-file /Users/kien/Library/Developer/Xcode/DerivedData/TroLyNhac-biwnbarwgtouqngqzociyeitncoc/Build/Intermediates.noindex/TroLyNhac.build/Debug-iphonesimulator/TroLyNhac.build/Objects-normal/arm64/TroLyNhac.SwiftFileList

WriteAuxiliaryFile /Users/kien/Library/Developer/Xcode/DerivedData/TroLyNhac-biwnbarwgtouqngqzociyeitncoc/Build/Intermediates.noindex/TroLyNhac.build/Debug-iphonesimulator/TroLyNhac.build/Objects-normal/arm64/TroLyNhac.SwiftConstValuesFileList (in target 'TroLyNhac' from project 'TroLyNhac')
    cd /Users/kien/Project/navidrome/ios
    write-file /Users/kien/Library/Developer/Xcode/DerivedData/TroLyNhac-biwnbarwgtouqngqzociyeitncoc/Build/Intermediates.noindex/TroLyNhac.build/Debug-iphonesimulator/TroLyNhac.build/Objects-normal/arm64/TroLyNhac.SwiftConstValuesFileList

WriteAuxiliaryFile /Users/kien/Library/Developer/Xcode/DerivedData/TroLyNhac-biwnbarwgtouqngqzociyeitncoc/Build/Intermediates.noindex/TroLyNhac.build/Debug-iphonesimulator/TroLyNhac.build/Objects-normal/arm64/TroLyNhac.LinkFileList (in target 'TroLyNhac' from project 'TroLyNhac')
    cd /Users/kien/Project/navidrome/ios
    write-file /Users/kien/Library/Developer/Xcode/DerivedData/TroLyNhac-biwnbarwgtouqngqzociyeitncoc/Build/Intermediates.noindex/TroLyNhac.build/Debug-iphonesimulator/TroLyNhac.build/Objects-normal/arm64/TroLyNhac.LinkFileList

WriteAuxiliaryFile /Users/kien/Library/Developer/Xcode/DerivedData/TroLyNhac-biwnbarwgtouqngqzociyeitncoc/Build/Intermediates.noindex/TroLyNhac.build/Debug-iphonesimulator/TroLyNhac.build/Objects-normal/arm64/TroLyNhac-OutputFileMap.json (in target 'TroLyNhac' from project 'TroLyNhac')
    cd /Users/kien/Project/navidrome/ios
    write-file /Users/kien/Library/Developer/Xcode/DerivedData/TroLyNhac-biwnbarwgtouqngqzociyeitncoc/Build/Intermediates.noindex/TroLyNhac.build/Debug-iphonesimulator/TroLyNhac.build/Objects-normal/arm64/TroLyNhac-OutputFileMap.json

WriteAuxiliaryFile /Users/kien/Library/Developer/Xcode/DerivedData/TroLyNhac-biwnbarwgtouqngqzociyeitncoc/Build/Intermediates.noindex/TroLyNhac.build/Debug-iphonesimulator/TroLyNhac.build/DerivedSources/Entitlements-Simulated.plist (in target 'TroLyNhac' from project 'TroLyNhac')
    cd /Users/kien/Project/navidrome/ios
    write-file /Users/kien/Library/Developer/Xcode/DerivedData/TroLyNhac-biwnbarwgtouqngqzociyeitncoc/Build/Intermediates.noindex/TroLyNhac.build/Debug-iphonesimulator/TroLyNhac.build/DerivedSources/Entitlements-Simulated.plist

MkDir /Users/kien/Library/Developer/Xcode/DerivedData/TroLyNhac-biwnbarwgtouqngqzociyeitncoc/Build/Products/Debug-iphonesimulator/TroLyNhac.app (in target 'TroLyNhac' from project 'TroLyNhac')
    cd /Users/kien/Project/navidrome/ios
    /bin/mkdir -p /Users/kien/Library/Developer/Xcode/DerivedData/TroLyNhac-biwnbarwgtouqngqzociyeitncoc/Build/Products/Debug-iphonesimulator/TroLyNhac.app

ProcessProductPackaging "" /Users/kien/Library/Developer/Xcode/DerivedData/TroLyNhac-biwnbarwgtouqngqzociyeitncoc/Build/Intermediates.noindex/TroLyNhac.build/Debug-iphonesimulator/TroLyNhac.build/TroLyNhac.app-Simulated.xcent (in target 'TroLyNhac' from project 'TroLyNhac')
    cd /Users/kien/Project/navidrome/ios
    
    Entitlements:
    
    {
    "application-identifier" = "GK9UEKLL78.me.troly.nhac.ios";
}
    
    builtin-productPackagingUtility -entitlements -format xml -o /Users/kien/Library/Developer/Xcode/DerivedData/TroLyNhac-biwnbarwgtouqngqzociyeitncoc/Build/Intermediates.noindex/TroLyNhac.build/Debug-iphonesimulator/TroLyNhac.build/TroLyNhac.app-Simulated.xcent

ProcessProductPackagingDER /Users/kien/Library/Developer/Xcode/DerivedData/TroLyNhac-biwnbarwgtouqngqzociyeitncoc/Build/Intermediates.noindex/TroLyNhac.build/Debug-iphonesimulator/TroLyNhac.build/TroLyNhac.app-Simulated.xcent /Users/kien/Library/Developer/Xcode/DerivedData/TroLyNhac-biwnbarwgtouqngqzociyeitncoc/Build/Intermediates.noindex/TroLyNhac.build/Debug-iphonesimulator/TroLyNhac.build/TroLyNhac.app-Simulated.xcent.der (in target 'TroLyNhac' from project 'TroLyNhac')
    cd /Users/kien/Project/navidrome/ios
    /usr/bin/derq query -f xml -i /Users/kien/Library/Developer/Xcode/DerivedData/TroLyNhac-biwnbarwgtouqngqzociyeitncoc/Build/Intermediates.noindex/TroLyNhac.build/Debug-iphonesimulator/TroLyNhac.build/TroLyNhac.app-Simulated.xcent -o /Users/kien/Library/Developer/Xcode/DerivedData/TroLyNhac-biwnbarwgtouqngqzociyeitncoc/Build/Intermediates.noindex/TroLyNhac.build/Debug-iphonesimulator/TroLyNhac.build/TroLyNhac.app-Simulated.xcent.der --raw

Ld /Users/kien/Library/Developer/Xcode/DerivedData/TroLyNhac-biwnbarwgtouqngqzociyeitncoc/Build/Intermediates.noindex/TroLyNhac.build/Debug-iphonesimulator/TroLyNhac.build/Objects-normal/x86_64/Binary/__preview.dylib normal x86_64 (in target 'TroLyNhac' from project 'TroLyNhac')
    cd /Users/kien/Project/navidrome/ios
    /Applications/Xcode.app/Contents/Developer/Toolchains/XcodeDefault.xctoolchain/usr/bin/clang -Xlinker -reproducible -target x86_64-apple-ios15.0-simulator -dynamiclib -isysroot /Applications/Xcode.app/Contents/Developer/Platforms/iPhoneSimulator.platform/Developer/SDKs/iPhoneSimulator26.5.sdk -O0 -L/Users/kien/Library/Developer/Xcode/DerivedData/TroLyNhac-biwnbarwgtouqngqzociyeitncoc/Build/Products/Debug-iphonesimulator -F/Users/kien/Library/Developer/Xcode/DerivedData/TroLyNhac-biwnbarwgtouqngqzociyeitncoc/Build/Products/Debug-iphonesimulator -install_name @rpath/TroLyNhac.debug.dylib -Xlinker -dead_strip -rdynamic -Xlinker -no_deduplicate -Xlinker -objc_abi_version -Xlinker 2 -Xlinker -dependency_info -Xlinker /Users/kien/Library/Developer/Xcode/DerivedData/TroLyNhac-biwnbarwgtouqngqzociyeitncoc/Build/Intermediates.noindex/TroLyNhac.build/Debug-iphonesimulator/TroLyNhac.build/Objects-normal/x86_64/TroLyNhac_dependency_info.dat -Xlinker -sectcreate -Xlinker __TEXT -Xlinker __entitlements -Xlinker /Users/kien/Library/Developer/Xcode/DerivedData/TroLyNhac-biwnbarwgtouqngqzociyeitncoc/Build/Intermediates.noindex/TroLyNhac.build/Debug-iphonesimulator/TroLyNhac.build/TroLyNhac.app-Simulated.xcent -Xlinker -sectcreate -Xlinker __TEXT -Xlinker __ents_der -Xlinker /Users/kien/Library/Developer/Xcode/DerivedData/TroLyNhac-biwnbarwgtouqngqzociyeitncoc/Build/Intermediates.noindex/TroLyNhac.build/Debug-iphonesimulator/TroLyNhac.build/TroLyNhac.app-Simulated.xcent.der -Xlinker -no_adhoc_codesign -o /Users/kien/Library/Developer/Xcode/DerivedData/TroLyNhac-biwnbarwgtouqngqzociyeitncoc/Build/Intermediates.noindex/TroLyNhac.build/Debug-iphonesimulator/TroLyNhac.build/Objects-normal/x86_64/Binary/__preview.dylib

Ld /Users/kien/Library/Developer/Xcode/DerivedData/TroLyNhac-biwnbarwgtouqngqzociyeitncoc/Build/Intermediates.noindex/TroLyNhac.build/Debug-iphonesimulator/TroLyNhac.build/Objects-normal/arm64/Binary/__preview.dylib normal arm64 (in target 'TroLyNhac' from project 'TroLyNhac')
    cd /Users/kien/Project/navidrome/ios
    /Applications/Xcode.app/Contents/Developer/Toolchains/XcodeDefault.xctoolchain/usr/bin/clang -Xlinker -reproducible -target arm64-apple-ios15.0-simulator -dynamiclib -isysroot /Applications/Xcode.app/Contents/Developer/Platforms/iPhoneSimulator.platform/Developer/SDKs/iPhoneSimulator26.5.sdk -O0 -L/Users/kien/Library/Developer/Xcode/DerivedData/TroLyNhac-biwnbarwgtouqngqzociyeitncoc/Build/Products/Debug-iphonesimulator -F/Users/kien/Library/Developer/Xcode/DerivedData/TroLyNhac-biwnbarwgtouqngqzociyeitncoc/Build/Products/Debug-iphonesimulator -install_name @rpath/TroLyNhac.debug.dylib -Xlinker -dead_strip -rdynamic -Xlinker -no_deduplicate -Xlinker -objc_abi_version -Xlinker 2 -Xlinker -dependency_info -Xlinker /Users/kien/Library/Developer/Xcode/DerivedData/TroLyNhac-biwnbarwgtouqngqzociyeitncoc/Build/Intermediates.noindex/TroLyNhac.build/Debug-iphonesimulator/TroLyNhac.build/Objects-normal/arm64/TroLyNhac_dependency_info.dat -Xlinker -sectcreate -Xlinker __TEXT -Xlinker __entitlements -Xlinker /Users/kien/Library/Developer/Xcode/DerivedData/TroLyNhac-biwnbarwgtouqngqzociyeitncoc/Build/Intermediates.noindex/TroLyNhac.build/Debug-iphonesimulator/TroLyNhac.build/TroLyNhac.app-Simulated.xcent -Xlinker -sectcreate -Xlinker __TEXT -Xlinker __ents_der -Xlinker /Users/kien/Library/Developer/Xcode/DerivedData/TroLyNhac-biwnbarwgtouqngqzociyeitncoc/Build/Intermediates.noindex/TroLyNhac.build/Debug-iphonesimulator/TroLyNhac.build/TroLyNhac.app-Simulated.xcent.der -Xlinker -no_adhoc_codesign -o /Users/kien/Library/Developer/Xcode/DerivedData/TroLyNhac-biwnbarwgtouqngqzociyeitncoc/Build/Intermediates.noindex/TroLyNhac.build/Debug-iphonesimulator/TroLyNhac.build/Objects-normal/arm64/Binary/__preview.dylib

ProcessInfoPlistFile /Users/kien/Library/Developer/Xcode/DerivedData/TroLyNhac-biwnbarwgtouqngqzociyeitncoc/Build/Products/Debug-iphonesimulator/TroLyNhac.app/Info.plist /Users/kien/Project/navidrome/ios/TroLyNhac/Info.plist (in target 'TroLyNhac' from project 'TroLyNhac')
    cd /Users/kien/Project/navidrome/ios
    builtin-infoPlistUtility /Users/kien/Project/navidrome/ios/TroLyNhac/Info.plist -producttype com.apple.product-type.application -genpkginfo /Users/kien/Library/Developer/Xcode/DerivedData/TroLyNhac-biwnbarwgtouqngqzociyeitncoc/Build/Products/Debug-iphonesimulator/TroLyNhac.app/PkgInfo -expandbuildsettings -format binary -platform iphonesimulator -o /Users/kien/Library/Developer/Xcode/DerivedData/TroLyNhac-biwnbarwgtouqngqzociyeitncoc/Build/Products/Debug-iphonesimulator/TroLyNhac.app/Info.plist

CreateUniversalBinary /Users/kien/Library/Developer/Xcode/DerivedData/TroLyNhac-biwnbarwgtouqngqzociyeitncoc/Build/Products/Debug-iphonesimulator/TroLyNhac.app/__preview.dylib normal arm64\ x86_64 (in target 'TroLyNhac' from project 'TroLyNhac')
    cd /Users/kien/Project/navidrome/ios
    /Applications/Xcode.app/Contents/Developer/Toolchains/XcodeDefault.xctoolchain/usr/bin/lipo -create /Users/kien/Library/Developer/Xcode/DerivedData/TroLyNhac-biwnbarwgtouqngqzociyeitncoc/Build/Intermediates.noindex/TroLyNhac.build/Debug-iphonesimulator/TroLyNhac.build/Objects-normal/arm64/Binary/__preview.dylib /Users/kien/Library/Developer/Xcode/DerivedData/TroLyNhac-biwnbarwgtouqngqzociyeitncoc/Build/Intermediates.noindex/TroLyNhac.build/Debug-iphonesimulator/TroLyNhac.build/Objects-normal/x86_64/Binary/__preview.dylib -output /Users/kien/Library/Developer/Xcode/DerivedData/TroLyNhac-biwnbarwgtouqngqzociyeitncoc/Build/Products/Debug-iphonesimulator/TroLyNhac.app/__preview.dylib

SwiftDriver TroLyNhac normal x86_64 com.apple.xcode.tools.swift.compiler (in target 'TroLyNhac' from project 'TroLyNhac')
    cd /Users/kien/Project/navidrome/ios
    builtin-SwiftDriver -- /Applications/Xcode.app/Contents/Developer/Toolchains/XcodeDefault.xctoolchain/usr/bin/swiftc -module-name TroLyNhac -Onone @/Users/kien/Library/Developer/Xcode/DerivedData/TroLyNhac-biwnbarwgtouqngqzociyeitncoc/Build/Intermediates.noindex/TroLyNhac.build/Debug-iphonesimulator/TroLyNhac.build/Objects-normal/x86_64/TroLyNhac.SwiftFileList -DDEBUG -enable-bare-slash-regex -enable-experimental-feature DebugDescriptionMacro -sdk /Applications/Xcode.app/Contents/Developer/Platforms/iPhoneSimulator.platform/Developer/SDKs/iPhoneSimulator26.5.sdk -target x86_64-apple-ios15.0-simulator -g -module-cache-path /Users/kien/Library/Developer/Xcode/DerivedData/ModuleCache.noindex -Xfrontend -serialize-debugging-options -enable-testing -index-store-path /Users/kien/Library/Developer/Xcode/DerivedData/TroLyNhac-biwnbarwgtouqngqzociyeitncoc/Index.noindex/DataStore -Xcc -D_LIBCPP_HARDENING_MODE\=_LIBCPP_HARDENING_MODE_DEBUG -swift-version 5 -I /Users/kien/Library/Developer/Xcode/DerivedData/TroLyNhac-biwnbarwgtouqngqzociyeitncoc/Build/Products/Debug-iphonesimulator -F /Users/kien/Library/Developer/Xcode/DerivedData/TroLyNhac-biwnbarwgtouqngqzociyeitncoc/Build/Products/Debug-iphonesimulator -emit-localized-strings -emit-localized-strings-path /Users/kien/Library/Developer/Xcode/DerivedData/TroLyNhac-biwnbarwgtouqngqzociyeitncoc/Build/Intermediates.noindex/TroLyNhac.build/Debug-iphonesimulator/TroLyNhac.build/Objects-normal/x86_64 -c -j10 -enable-batch-mode -incremental -Xcc -ivfsstatcache -Xcc /Users/kien/Library/Developer/Xcode/DerivedData/SDKStatCaches.noindex/iphonesimulator26.5-23F81a-688ef53f1462e2c8f657fdc38a81448f6cfe768891a92b912361537c460fe42b.sdkstatcache -output-file-map /Users/kien/Library/Developer/Xcode/DerivedData/TroLyNhac-biwnbarwgtouqngqzociyeitncoc/Build/Intermediates.noindex/TroLyNhac.build/Debug-iphonesimulator/TroLyNhac.build/Objects-normal/x86_64/TroLyNhac-OutputFileMap.json -use-frontend-parseable-output -save-temps -no-color-diagnostics -explicit-module-build -module-cache-path /Users/kien/Library/Developer/Xcode/DerivedData/TroLyNhac-biwnbarwgtouqngqzociyeitncoc/Build/Intermediates.noindex/SwiftExplicitPrecompiledModules -clang-scanner-module-cache-path /Users/kien/Library/Developer/Xcode/DerivedData/ModuleCache.noindex -sdk-module-cache-path /Users/kien/Library/Developer/Xcode/DerivedData/ModuleCache.noindex -serialize-diagnostics -emit-dependencies -emit-module -emit-module-path /Users/kien/Library/Developer/Xcode/DerivedData/TroLyNhac-biwnbarwgtouqngqzociyeitncoc/Build/Intermediates.noindex/TroLyNhac.build/Debug-iphonesimulator/TroLyNhac.build/Objects-normal/x86_64/TroLyNhac.swiftmodule -validate-clang-modules-once -clang-build-session-file /Users/kien/Library/Developer/Xcode/DerivedData/ModuleCache.noindex/Session.modulevalidation -Xcc -I/Users/kien/Library/Developer/Xcode/DerivedData/TroLyNhac-biwnbarwgtouqngqzociyeitncoc/Build/Intermediates.noindex/TroLyNhac.build/Debug-iphonesimulator/TroLyNhac.build/swift-overrides.hmap -emit-const-values -Xfrontend -const-gather-protocols-file -Xfrontend /Users/kien/Library/Developer/Xcode/DerivedData/TroLyNhac-biwnbarwgtouqngqzociyeitncoc/Build/Intermediates.noindex/TroLyNhac.build/Debug-iphonesimulator/TroLyNhac.build/Objects-normal/x86_64/TroLyNhac_const_extract_protocols.json -Xcc -iquote -Xcc /Users/kien/Library/Developer/Xcode/DerivedData/TroLyNhac-biwnbarwgtouqngqzociyeitncoc/Build/Intermediates.noindex/TroLyNhac.build/Debug-iphonesimulator/TroLyNhac.build/TroLyNhac-generated-files.hmap -Xcc -I/Users/kien/Library/Developer/Xcode/DerivedData/TroLyNhac-biwnbarwgtouqngqzociyeitncoc/Build/Intermediates.noindex/TroLyNhac.build/Debug-iphonesimulator/TroLyNhac.build/TroLyNhac-own-target-headers.hmap -Xcc -I/Users/kien/Library/Developer/Xcode/DerivedData/TroLyNhac-biwnbarwgtouqngqzociyeitncoc/Build/Intermediates.noindex/TroLyNhac.build/Debug-iphonesimulator/TroLyNhac.build/TroLyNhac-all-target-headers.hmap -Xcc -iquote -Xcc /Users/kien/Library/Developer/Xcode/DerivedData/TroLyNhac-biwnbarwgtouqngqzociyeitncoc/Build/Intermediates.noindex/TroLyNhac.build/Debug-iphonesimulator/TroLyNhac.build/TroLyNhac-project-headers.hmap -Xcc -I/Users/kien/Library/Developer/Xcode/DerivedData/TroLyNhac-biwnbarwgtouqngqzociyeitncoc/Build/Products/Debug-iphonesimulator/include -Xcc -I/Users/kien/Library/Developer/Xcode/DerivedData/TroLyNhac-biwnbarwgtouqngqzociyeitncoc/Build/Intermediates.noindex/TroLyNhac.build/Debug-iphonesimulator/TroLyNhac.build/DerivedSources-normal/x86_64 -Xcc -I/Users/kien/Library/Developer/Xcode/DerivedData/TroLyNhac-biwnbarwgtouqngqzociyeitncoc/Build/Intermediates.noindex/TroLyNhac.build/Debug-iphonesimulator/TroLyNhac.build/DerivedSources/x86_64 -Xcc -I/Users/kien/Library/Developer/Xcode/DerivedData/TroLyNhac-biwnbarwgtouqngqzociyeitncoc/Build/Intermediates.noindex/TroLyNhac.build/Debug-iphonesimulator/TroLyNhac.build/DerivedSources -Xcc -DDEBUG\=1 -emit-objc-header -emit-objc-header-path /Users/kien/Library/Developer/Xcode/DerivedData/TroLyNhac-biwnbarwgtouqngqzociyeitncoc/Build/Intermediates.noindex/TroLyNhac.build/Debug-iphonesimulator/TroLyNhac.build/Objects-normal/x86_64/TroLyNhac-Swift.h -working-directory /Users/kien/Project/navidrome/ios -experimental-emit-module-separately -disable-cmo

SwiftDriver TroLyNhac normal arm64 com.apple.xcode.tools.swift.compiler (in target 'TroLyNhac' from project 'TroLyNhac')
    cd /Users/kien/Project/navidrome/ios
    builtin-SwiftDriver -- /Applications/Xcode.app/Contents/Developer/Toolchains/XcodeDefault.xctoolchain/usr/bin/swiftc -module-name TroLyNhac -Onone @/Users/kien/Library/Developer/Xcode/DerivedData/TroLyNhac-biwnbarwgtouqngqzociyeitncoc/Build/Intermediates.noindex/TroLyNhac.build/Debug-iphonesimulator/TroLyNhac.build/Objects-normal/arm64/TroLyNhac.SwiftFileList -DDEBUG -enable-bare-slash-regex -enable-experimental-feature DebugDescriptionMacro -sdk /Applications/Xcode.app/Contents/Developer/Platforms/iPhoneSimulator.platform/Developer/SDKs/iPhoneSimulator26.5.sdk -target arm64-apple-ios15.0-simulator -g -module-cache-path /Users/kien/Library/Developer/Xcode/DerivedData/ModuleCache.noindex -Xfrontend -serialize-debugging-options -enable-testing -index-store-path /Users/kien/Library/Developer/Xcode/DerivedData/TroLyNhac-biwnbarwgtouqngqzociyeitncoc/Index.noindex/DataStore -Xcc -D_LIBCPP_HARDENING_MODE\=_LIBCPP_HARDENING_MODE_DEBUG -swift-version 5 -I /Users/kien/Library/Developer/Xcode/DerivedData/TroLyNhac-biwnbarwgtouqngqzociyeitncoc/Build/Products/Debug-iphonesimulator -F /Users/kien/Library/Developer/Xcode/DerivedData/TroLyNhac-biwnbarwgtouqngqzociyeitncoc/Build/Products/Debug-iphonesimulator -emit-localized-strings -emit-localized-strings-path /Users/kien/Library/Developer/Xcode/DerivedData/TroLyNhac-biwnbarwgtouqngqzociyeitncoc/Build/Intermediates.noindex/TroLyNhac.build/Debug-iphonesimulator/TroLyNhac.build/Objects-normal/arm64 -c -j10 -enable-batch-mode -incremental -Xcc -ivfsstatcache -Xcc /Users/kien/Library/Developer/Xcode/DerivedData/SDKStatCaches.noindex/iphonesimulator26.5-23F81a-688ef53f1462e2c8f657fdc38a81448f6cfe768891a92b912361537c460fe42b.sdkstatcache -output-file-map /Users/kien/Library/Developer/Xcode/DerivedData/TroLyNhac-biwnbarwgtouqngqzociyeitncoc/Build/Intermediates.noindex/TroLyNhac.build/Debug-iphonesimulator/TroLyNhac.build/Objects-normal/arm64/TroLyNhac-OutputFileMap.json -use-frontend-parseable-output -save-temps -no-color-diagnostics -explicit-module-build -module-cache-path /Users/kien/Library/Developer/Xcode/DerivedData/TroLyNhac-biwnbarwgtouqngqzociyeitncoc/Build/Intermediates.noindex/SwiftExplicitPrecompiledModules -clang-scanner-module-cache-path /Users/kien/Library/Developer/Xcode/DerivedData/ModuleCache.noindex -sdk-module-cache-path /Users/kien/Library/Developer/Xcode/DerivedData/ModuleCache.noindex -serialize-diagnostics -emit-dependencies -emit-module -emit-module-path /Users/kien/Library/Developer/Xcode/DerivedData/TroLyNhac-biwnbarwgtouqngqzociyeitncoc/Build/Intermediates.noindex/TroLyNhac.build/Debug-iphonesimulator/TroLyNhac.build/Objects-normal/arm64/TroLyNhac.swiftmodule -validate-clang-modules-once -clang-build-session-file /Users/kien/Library/Developer/Xcode/DerivedData/ModuleCache.noindex/Session.modulevalidation -Xcc -I/Users/kien/Library/Developer/Xcode/DerivedData/TroLyNhac-biwnbarwgtouqngqzociyeitncoc/Build/Intermediates.noindex/TroLyNhac.build/Debug-iphonesimulator/TroLyNhac.build/swift-overrides.hmap -emit-const-values -Xfrontend -const-gather-protocols-file -Xfrontend /Users/kien/Library/Developer/Xcode/DerivedData/TroLyNhac-biwnbarwgtouqngqzociyeitncoc/Build/Intermediates.noindex/TroLyNhac.build/Debug-iphonesimulator/TroLyNhac.build/Objects-normal/arm64/TroLyNhac_const_extract_protocols.json -Xcc -iquote -Xcc /Users/kien/Library/Developer/Xcode/DerivedData/TroLyNhac-biwnbarwgtouqngqzociyeitncoc/Build/Intermediates.noindex/TroLyNhac.build/Debug-iphonesimulator/TroLyNhac.build/TroLyNhac-generated-files.hmap -Xcc -I/Users/kien/Library/Developer/Xcode/DerivedData/TroLyNhac-biwnbarwgtouqngqzociyeitncoc/Build/Intermediates.noindex/TroLyNhac.build/Debug-iphonesimulator/TroLyNhac.build/TroLyNhac-own-target-headers.hmap -Xcc -I/Users/kien/Library/Developer/Xcode/DerivedData/TroLyNhac-biwnbarwgtouqngqzociyeitncoc/Build/Intermediates.noindex/TroLyNhac.build/Debug-iphonesimulator/TroLyNhac.build/TroLyNhac-all-target-headers.hmap -Xcc -iquote -Xcc /Users/kien/Library/Developer/Xcode/DerivedData/TroLyNhac-biwnbarwgtouqngqzociyeitncoc/Build/Intermediates.noindex/TroLyNhac.build/Debug-iphonesimulator/TroLyNhac.build/TroLyNhac-project-headers.hmap -Xcc -I/Users/kien/Library/Developer/Xcode/DerivedData/TroLyNhac-biwnbarwgtouqngqzociyeitncoc/Build/Products/Debug-iphonesimulator/include -Xcc -I/Users/kien/Library/Developer/Xcode/DerivedData/TroLyNhac-biwnbarwgtouqngqzociyeitncoc/Build/Intermediates.noindex/TroLyNhac.build/Debug-iphonesimulator/TroLyNhac.build/DerivedSources-normal/arm64 -Xcc -I/Users/kien/Library/Developer/Xcode/DerivedData/TroLyNhac-biwnbarwgtouqngqzociyeitncoc/Build/Intermediates.noindex/TroLyNhac.build/Debug-iphonesimulator/TroLyNhac.build/DerivedSources/arm64 -Xcc -I/Users/kien/Library/Developer/Xcode/DerivedData/TroLyNhac-biwnbarwgtouqngqzociyeitncoc/Build/Intermediates.noindex/TroLyNhac.build/Debug-iphonesimulator/TroLyNhac.build/DerivedSources -Xcc -DDEBUG\=1 -emit-objc-header -emit-objc-header-path /Users/kien/Library/Developer/Xcode/DerivedData/TroLyNhac-biwnbarwgtouqngqzociyeitncoc/Build/Intermediates.noindex/TroLyNhac.build/Debug-iphonesimulator/TroLyNhac.build/Objects-normal/arm64/TroLyNhac-Swift.h -working-directory /Users/kien/Project/navidrome/ios -experimental-emit-module-separately -disable-cmo

SwiftCompile normal arm64 Compiling\ TroLyNhacApp.swift,\ Models.swift /Users/kien/Project/navidrome/ios/TroLyNhac/TroLyNhacApp.swift /Users/kien/Project/navidrome/ios/TroLyNhac/Models.swift (in target 'TroLyNhac' from project 'TroLyNhac')

SwiftCompile normal arm64 /Users/kien/Project/navidrome/ios/TroLyNhac/TroLyNhacApp.swift (in target 'TroLyNhac' from project 'TroLyNhac')
    cd /Users/kien/Project/navidrome/ios
    

SwiftCompile normal arm64 /Users/kien/Project/navidrome/ios/TroLyNhac/Models.swift (in target 'TroLyNhac' from project 'TroLyNhac')
    cd /Users/kien/Project/navidrome/ios
    

SwiftCompile normal arm64 Compiling\ Theme.swift,\ AudioDeviceHelper.swift /Users/kien/Project/navidrome/ios/TroLyNhac/Theme.swift /Users/kien/Project/navidrome/ios/TroLyNhac/AudioDeviceHelper.swift (in target 'TroLyNhac' from project 'TroLyNhac')

SwiftCompile normal arm64 /Users/kien/Project/navidrome/ios/TroLyNhac/Theme.swift (in target 'TroLyNhac' from project 'TroLyNhac')
    cd /Users/kien/Project/navidrome/ios
    

SwiftCompile normal arm64 /Users/kien/Project/navidrome/ios/TroLyNhac/AudioDeviceHelper.swift (in target 'TroLyNhac' from project 'TroLyNhac')
    cd /Users/kien/Project/navidrome/ios
    

SwiftCompile normal arm64 Compiling\ HomeView.swift,\ SearchView.swift /Users/kien/Project/navidrome/ios/TroLyNhac/Views/HomeView.swift /Users/kien/Project/navidrome/ios/TroLyNhac/Views/SearchView.swift (in target 'TroLyNhac' from project 'TroLyNhac')
SwiftCompile normal arm64 /Users/kien/Project/navidrome/ios/TroLyNhac/Views/HomeView.swift (in target 'TroLyNhac' from project 'TroLyNhac')
    cd /Users/kien/Project/navidrome/ios
    

SwiftCompile normal arm64 /Users/kien/Project/navidrome/ios/TroLyNhac/Views/SearchView.swift (in target 'TroLyNhac' from project 'TroLyNhac')
    cd /Users/kien/Project/navidrome/ios
    

SwiftCompile normal arm64 Compiling\ DetailViews.swift /Users/kien/Project/navidrome/ios/TroLyNhac/Views/DetailViews.swift (in target 'TroLyNhac' from project 'TroLyNhac')
SwiftCompile normal arm64 /Users/kien/Project/navidrome/ios/TroLyNhac/Views/DetailViews.swift (in target 'TroLyNhac' from project 'TroLyNhac')
    cd /Users/kien/Project/navidrome/ios
    

SwiftCompile normal arm64 Compiling\ LibraryView.swift,\ SettingsView.swift /Users/kien/Project/navidrome/ios/TroLyNhac/Views/LibraryView.swift /Users/kien/Project/navidrome/ios/TroLyNhac/Views/SettingsView.swift (in target 'TroLyNhac' from project 'TroLyNhac')

SwiftCompile normal arm64 /Users/kien/Project/navidrome/ios/TroLyNhac/Views/LibraryView.swift (in target 'TroLyNhac' from project 'TroLyNhac')
    cd /Users/kien/Project/navidrome/ios
    

SwiftCompile normal arm64 /Users/kien/Project/navidrome/ios/TroLyNhac/Views/SettingsView.swift (in target 'TroLyNhac' from project 'TroLyNhac')
    cd /Users/kien/Project/navidrome/ios
    

SwiftCompile normal arm64 Compiling\ NowPlayingView.swift /Users/kien/Project/navidrome/ios/TroLyNhac/Views/NowPlayingView.swift (in target 'TroLyNhac' from project 'TroLyNhac')
SwiftCompile normal arm64 /Users/kien/Project/navidrome/ios/TroLyNhac/Views/NowPlayingView.swift (in target 'TroLyNhac' from project 'TroLyNhac')
    cd /Users/kien/Project/navidrome/ios
    

SwiftEmitModule normal arm64 Emitting\ module\ for\ TroLyNhac (in target 'TroLyNhac' from project 'TroLyNhac')

EmitSwiftModule normal arm64 (in target 'TroLyNhac' from project 'TroLyNhac')
    cd /Users/kien/Project/navidrome/ios
    

SwiftCompile normal arm64 Compiling\ MiniPlayerView.swift /Users/kien/Project/navidrome/ios/TroLyNhac/Views/MiniPlayerView.swift (in target 'TroLyNhac' from project 'TroLyNhac')

SwiftCompile normal arm64 /Users/kien/Project/navidrome/ios/TroLyNhac/Views/MiniPlayerView.swift (in target 'TroLyNhac' from project 'TroLyNhac')
    cd /Users/kien/Project/navidrome/ios
    

SwiftCompile normal arm64 Compiling\ PlayerManager.swift,\ LoginView.swift /Users/kien/Project/navidrome/ios/TroLyNhac/PlayerManager.swift /Users/kien/Project/navidrome/ios/TroLyNhac/Views/LoginView.swift (in target 'TroLyNhac' from project 'TroLyNhac')
SwiftCompile normal arm64 /Users/kien/Project/navidrome/ios/TroLyNhac/PlayerManager.swift (in target 'TroLyNhac' from project 'TroLyNhac')
    cd /Users/kien/Project/navidrome/ios
    

SwiftCompile normal arm64 /Users/kien/Project/navidrome/ios/TroLyNhac/Views/LoginView.swift (in target 'TroLyNhac' from project 'TroLyNhac')
    cd /Users/kien/Project/navidrome/ios
    

SwiftCompile normal arm64 Compiling\ AppShellView.swift /Users/kien/Project/navidrome/ios/TroLyNhac/Views/AppShellView.swift (in target 'TroLyNhac' from project 'TroLyNhac')

SwiftCompile normal arm64 /Users/kien/Project/navidrome/ios/TroLyNhac/Views/AppShellView.swift (in target 'TroLyNhac' from project 'TroLyNhac')
    cd /Users/kien/Project/navidrome/ios
    

SwiftEmitModule normal x86_64 Emitting\ module\ for\ TroLyNhac (in target 'TroLyNhac' from project 'TroLyNhac')

EmitSwiftModule normal x86_64 (in target 'TroLyNhac' from project 'TroLyNhac')
    cd /Users/kien/Project/navidrome/ios
    

SwiftDriverJobDiscovery normal arm64 Compiling Theme.swift, AudioDeviceHelper.swift (in target 'TroLyNhac' from project 'TroLyNhac')

SwiftCompile normal x86_64 Compiling\ AudioDecisionEngine.swift /Users/kien/Project/navidrome/ios/TroLyNhac/AudioDecisionEngine.swift (in target 'TroLyNhac' from project 'TroLyNhac')

SwiftCompile normal x86_64 /Users/kien/Project/navidrome/ios/TroLyNhac/AudioDecisionEngine.swift (in target 'TroLyNhac' from project 'TroLyNhac')
    cd /Users/kien/Project/navidrome/ios
    

SwiftDriverJobDiscovery normal arm64 Emitting module for TroLyNhac (in target 'TroLyNhac' from project 'TroLyNhac')

SwiftDriver\ Compilation\ Requirements TroLyNhac normal arm64 com.apple.xcode.tools.swift.compiler (in target 'TroLyNhac' from project 'TroLyNhac')
    cd /Users/kien/Project/navidrome/ios
    builtin-Swift-Compilation-Requirements -- /Applications/Xcode.app/Contents/Developer/Toolchains/XcodeDefault.xctoolchain/usr/bin/swiftc -module-name TroLyNhac -Onone @/Users/kien/Library/Developer/Xcode/DerivedData/TroLyNhac-biwnbarwgtouqngqzociyeitncoc/Build/Intermediates.noindex/TroLyNhac.build/Debug-iphonesimulator/TroLyNhac.build/Objects-normal/arm64/TroLyNhac.SwiftFileList -DDEBUG -enable-bare-slash-regex -enable-experimental-feature DebugDescriptionMacro -sdk /Applications/Xcode.app/Contents/Developer/Platforms/iPhoneSimulator.platform/Developer/SDKs/iPhoneSimulator26.5.sdk -target arm64-apple-ios15.0-simulator -g -module-cache-path /Users/kien/Library/Developer/Xcode/DerivedData/ModuleCache.noindex -Xfrontend -serialize-debugging-options -enable-testing -index-store-path /Users/kien/Library/Developer/Xcode/DerivedData/TroLyNhac-biwnbarwgtouqngqzociyeitncoc/Index.noindex/DataStore -Xcc -D_LIBCPP_HARDENING_MODE\=_LIBCPP_HARDENING_MODE_DEBUG -swift-version 5 -I /Users/kien/Library/Developer/Xcode/DerivedData/TroLyNhac-biwnbarwgtouqngqzociyeitncoc/Build/Products/Debug-iphonesimulator -F /Users/kien/Library/Developer/Xcode/DerivedData/TroLyNhac-biwnbarwgtouqngqzociyeitncoc/Build/Products/Debug-iphonesimulator -emit-localized-strings -emit-localized-strings-path /Users/kien/Library/Developer/Xcode/DerivedData/TroLyNhac-biwnbarwgtouqngqzociyeitncoc/Build/Intermediates.noindex/TroLyNhac.build/Debug-iphonesimulator/TroLyNhac.build/Objects-normal/arm64 -c -j10 -enable-batch-mode -incremental -Xcc -ivfsstatcache -Xcc /Users/kien/Library/Developer/Xcode/DerivedData/SDKStatCaches.noindex/iphonesimulator26.5-23F81a-688ef53f1462e2c8f657fdc38a81448f6cfe768891a92b912361537c460fe42b.sdkstatcache -output-file-map /Users/kien/Library/Developer/Xcode/DerivedData/TroLyNhac-biwnbarwgtouqngqzociyeitncoc/Build/Intermediates.noindex/TroLyNhac.build/Debug-iphonesimulator/TroLyNhac.build/Objects-normal/arm64/TroLyNhac-OutputFileMap.json -use-frontend-parseable-output -save-temps -no-color-diagnostics -explicit-module-build -module-cache-path /Users/kien/Library/Developer/Xcode/DerivedData/TroLyNhac-biwnbarwgtouqngqzociyeitncoc/Build/Intermediates.noindex/SwiftExplicitPrecompiledModules -clang-scanner-module-cache-path /Users/kien/Library/Developer/Xcode/DerivedData/ModuleCache.noindex -sdk-module-cache-path /Users/kien/Library/Developer/Xcode/DerivedData/ModuleCache.noindex -serialize-diagnostics -emit-dependencies -emit-module -emit-module-path /Users/kien/Library/Developer/Xcode/DerivedData/TroLyNhac-biwnbarwgtouqngqzociyeitncoc/Build/Intermediates.noindex/TroLyNhac.build/Debug-iphonesimulator/TroLyNhac.build/Objects-normal/arm64/TroLyNhac.swiftmodule -validate-clang-modules-once -clang-build-session-file /Users/kien/Library/Developer/Xcode/DerivedData/ModuleCache.noindex/Session.modulevalidation -Xcc -I/Users/kien/Library/Developer/Xcode/DerivedData/TroLyNhac-biwnbarwgtouqngqzociyeitncoc/Build/Intermediates.noindex/TroLyNhac.build/Debug-iphonesimulator/TroLyNhac.build/swift-overrides.hmap -emit-const-values -Xfrontend -const-gather-protocols-file -Xfrontend /Users/kien/Library/Developer/Xcode/DerivedData/TroLyNhac-biwnbarwgtouqngqzociyeitncoc/Build/Intermediates.noindex/TroLyNhac.build/Debug-iphonesimulator/TroLyNhac.build/Objects-normal/arm64/TroLyNhac_const_extract_protocols.json -Xcc -iquote -Xcc /Users/kien/Library/Developer/Xcode/DerivedData/TroLyNhac-biwnbarwgtouqngqzociyeitncoc/Build/Intermediates.noindex/TroLyNhac.build/Debug-iphonesimulator/TroLyNhac.build/TroLyNhac-generated-files.hmap -Xcc -I/Users/kien/Library/Developer/Xcode/DerivedData/TroLyNhac-biwnbarwgtouqngqzociyeitncoc/Build/Intermediates.noindex/TroLyNhac.build/Debug-iphonesimulator/TroLyNhac.build/TroLyNhac-own-target-headers.hmap -Xcc -I/Users/kien/Library/Developer/Xcode/DerivedData/TroLyNhac-biwnbarwgtouqngqzociyeitncoc/Build/Intermediates.noindex/TroLyNhac.build/Debug-iphonesimulator/TroLyNhac.build/TroLyNhac-all-target-headers.hmap -Xcc -iquote -Xcc /Users/kien/Library/Developer/Xcode/DerivedData/TroLyNhac-biwnbarwgtouqngqzociyeitncoc/Build/Intermediates.noindex/TroLyNhac.build/Debug-iphonesimulator/TroLyNhac.build/TroLyNhac-project-headers.hmap -Xcc -I/Users/kien/Library/Developer/Xcode/DerivedData/TroLyNhac-biwnbarwgtouqngqzociyeitncoc/Build/Products/Debug-iphonesimulator/include -Xcc -I/Users/kien/Library/Developer/Xcode/DerivedData/TroLyNhac-biwnbarwgtouqngqzociyeitncoc/Build/Intermediates.noindex/TroLyNhac.build/Debug-iphonesimulator/TroLyNhac.build/DerivedSources-normal/arm64 -Xcc -I/Users/kien/Library/Developer/Xcode/DerivedData/TroLyNhac-biwnbarwgtouqngqzociyeitncoc/Build/Intermediates.noindex/TroLyNhac.build/Debug-iphonesimulator/TroLyNhac.build/DerivedSources/arm64 -Xcc -I/Users/kien/Library/Developer/Xcode/DerivedData/TroLyNhac-biwnbarwgtouqngqzociyeitncoc/Build/Intermediates.noindex/TroLyNhac.build/Debug-iphonesimulator/TroLyNhac.build/DerivedSources -Xcc -DDEBUG\=1 -emit-objc-header -emit-objc-header-path /Users/kien/Library/Developer/Xcode/DerivedData/TroLyNhac-biwnbarwgtouqngqzociyeitncoc/Build/Intermediates.noindex/TroLyNhac.build/Debug-iphonesimulator/TroLyNhac.build/Objects-normal/arm64/TroLyNhac-Swift.h -working-directory /Users/kien/Project/navidrome/ios -experimental-emit-module-separately -disable-cmo

SwiftDriverJobDiscovery normal arm64 Compiling MiniPlayerView.swift (in target 'TroLyNhac' from project 'TroLyNhac')

SwiftCompile normal x86_64 Compiling\ PlayerManager.swift /Users/kien/Project/navidrome/ios/TroLyNhac/PlayerManager.swift (in target 'TroLyNhac' from project 'TroLyNhac')

SwiftCompile normal x86_64 /Users/kien/Project/navidrome/ios/TroLyNhac/PlayerManager.swift (in target 'TroLyNhac' from project 'TroLyNhac')
    cd /Users/kien/Project/navidrome/ios
    

Copy /Users/kien/Library/Developer/Xcode/DerivedData/TroLyNhac-biwnbarwgtouqngqzociyeitncoc/Build/Products/Debug-iphonesimulator/TroLyNhac.swiftmodule/arm64-apple-ios-simulator.swiftmodule /Users/kien/Library/Developer/Xcode/DerivedData/TroLyNhac-biwnbarwgtouqngqzociyeitncoc/Build/Intermediates.noindex/TroLyNhac.build/Debug-iphonesimulator/TroLyNhac.build/Objects-normal/arm64/TroLyNhac.swiftmodule (in target 'TroLyNhac' from project 'TroLyNhac')
    cd /Users/kien/Project/navidrome/ios
    builtin-copy -exclude .DS_Store -exclude CVS -exclude .svn -exclude .git -exclude .hg -resolve-src-symlinks -rename /Users/kien/Library/Developer/Xcode/DerivedData/TroLyNhac-biwnbarwgtouqngqzociyeitncoc/Build/Intermediates.noindex/TroLyNhac.build/Debug-iphonesimulator/TroLyNhac.build/Objects-normal/arm64/TroLyNhac.swiftmodule /Users/kien/Library/Developer/Xcode/DerivedData/TroLyNhac-biwnbarwgtouqngqzociyeitncoc/Build/Products/Debug-iphonesimulator/TroLyNhac.swiftmodule/arm64-apple-ios-simulator.swiftmodule

SwiftDriverJobDiscovery normal arm64 Compiling TroLyNhacApp.swift, Models.swift (in target 'TroLyNhac' from project 'TroLyNhac')

Copy /Users/kien/Library/Developer/Xcode/DerivedData/TroLyNhac-biwnbarwgtouqngqzociyeitncoc/Build/Products/Debug-iphonesimulator/TroLyNhac.swiftmodule/arm64-apple-ios-simulator.swiftdoc /Users/kien/Library/Developer/Xcode/DerivedData/TroLyNhac-biwnbarwgtouqngqzociyeitncoc/Build/Intermediates.noindex/TroLyNhac.build/Debug-iphonesimulator/TroLyNhac.build/Objects-normal/arm64/TroLyNhac.swiftdoc (in target 'TroLyNhac' from project 'TroLyNhac')
    cd /Users/kien/Project/navidrome/ios
    builtin-copy -exclude .DS_Store -exclude CVS -exclude .svn -exclude .git -exclude .hg -resolve-src-symlinks -rename /Users/kien/Library/Developer/Xcode/DerivedData/TroLyNhac-biwnbarwgtouqngqzociyeitncoc/Build/Intermediates.noindex/TroLyNhac.build/Debug-iphonesimulator/TroLyNhac.build/Objects-normal/arm64/TroLyNhac.swiftdoc /Users/kien/Library/Developer/Xcode/DerivedData/TroLyNhac-biwnbarwgtouqngqzociyeitncoc/Build/Products/Debug-iphonesimulator/TroLyNhac.swiftmodule/arm64-apple-ios-simulator.swiftdoc

Copy /Users/kien/Library/Developer/Xcode/DerivedData/TroLyNhac-biwnbarwgtouqngqzociyeitncoc/Build/Products/Debug-iphonesimulator/TroLyNhac.swiftmodule/arm64-apple-ios-simulator.abi.json /Users/kien/Library/Developer/Xcode/DerivedData/TroLyNhac-biwnbarwgtouqngqzociyeitncoc/Build/Intermediates.noindex/TroLyNhac.build/Debug-iphonesimulator/TroLyNhac.build/Objects-normal/arm64/TroLyNhac.abi.json (in target 'TroLyNhac' from project 'TroLyNhac')
    cd /Users/kien/Project/navidrome/ios
    builtin-copy -exclude .DS_Store -exclude CVS -exclude .svn -exclude .git -exclude .hg -resolve-src-symlinks -rename /Users/kien/Library/Developer/Xcode/DerivedData/TroLyNhac-biwnbarwgtouqngqzociyeitncoc/Build/Intermediates.noindex/TroLyNhac.build/Debug-iphonesimulator/TroLyNhac.build/Objects-normal/arm64/TroLyNhac.abi.json /Users/kien/Library/Developer/Xcode/DerivedData/TroLyNhac-biwnbarwgtouqngqzociyeitncoc/Build/Products/Debug-iphonesimulator/TroLyNhac.swiftmodule/arm64-apple-ios-simulator.abi.json

Copy /Users/kien/Library/Developer/Xcode/DerivedData/TroLyNhac-biwnbarwgtouqngqzociyeitncoc/Build/Products/Debug-iphonesimulator/TroLyNhac.swiftmodule/Project/arm64-apple-ios-simulator.swiftsourceinfo /Users/kien/Library/Developer/Xcode/DerivedData/TroLyNhac-biwnbarwgtouqngqzociyeitncoc/Build/Intermediates.noindex/TroLyNhac.build/Debug-iphonesimulator/TroLyNhac.build/Objects-normal/arm64/TroLyNhac.swiftsourceinfo (in target 'TroLyNhac' from project 'TroLyNhac')
    cd /Users/kien/Project/navidrome/ios
    builtin-copy -exclude .DS_Store -exclude CVS -exclude .svn -exclude .git -exclude .hg -resolve-src-symlinks -rename /Users/kien/Library/Developer/Xcode/DerivedData/TroLyNhac-biwnbarwgtouqngqzociyeitncoc/Build/Intermediates.noindex/TroLyNhac.build/Debug-iphonesimulator/TroLyNhac.build/Objects-normal/arm64/TroLyNhac.swiftsourceinfo /Users/kien/Library/Developer/Xcode/DerivedData/TroLyNhac-biwnbarwgtouqngqzociyeitncoc/Build/Products/Debug-iphonesimulator/TroLyNhac.swiftmodule/Project/arm64-apple-ios-simulator.swiftsourceinfo

SwiftCompile normal x86_64 Compiling\ NowPlayingView.swift /Users/kien/Project/navidrome/ios/TroLyNhac/Views/NowPlayingView.swift (in target 'TroLyNhac' from project 'TroLyNhac')

SwiftCompile normal x86_64 /Users/kien/Project/navidrome/ios/TroLyNhac/Views/NowPlayingView.swift (in target 'TroLyNhac' from project 'TroLyNhac')
    cd /Users/kien/Project/navidrome/ios
    

SwiftCompile normal arm64 Compiling\ AudioDecisionEngine.swift,\ SubsonicRepository.swift /Users/kien/Project/navidrome/ios/TroLyNhac/AudioDecisionEngine.swift /Users/kien/Project/navidrome/ios/TroLyNhac/SubsonicRepository.swift (in target 'TroLyNhac' from project 'TroLyNhac')

SwiftCompile normal arm64 /Users/kien/Project/navidrome/ios/TroLyNhac/AudioDecisionEngine.swift (in target 'TroLyNhac' from project 'TroLyNhac')
    cd /Users/kien/Project/navidrome/ios
    

SwiftCompile normal arm64 /Users/kien/Project/navidrome/ios/TroLyNhac/SubsonicRepository.swift (in target 'TroLyNhac' from project 'TroLyNhac')
    cd /Users/kien/Project/navidrome/ios
    

SwiftDriverJobDiscovery normal arm64 Compiling AppShellView.swift (in target 'TroLyNhac' from project 'TroLyNhac')

SwiftDriverJobDiscovery normal x86_64 Emitting module for TroLyNhac (in target 'TroLyNhac' from project 'TroLyNhac')

SwiftDriver\ Compilation\ Requirements TroLyNhac normal x86_64 com.apple.xcode.tools.swift.compiler (in target 'TroLyNhac' from project 'TroLyNhac')
    cd /Users/kien/Project/navidrome/ios
    builtin-Swift-Compilation-Requirements -- /Applications/Xcode.app/Contents/Developer/Toolchains/XcodeDefault.xctoolchain/usr/bin/swiftc -module-name TroLyNhac -Onone @/Users/kien/Library/Developer/Xcode/DerivedData/TroLyNhac-biwnbarwgtouqngqzociyeitncoc/Build/Intermediates.noindex/TroLyNhac.build/Debug-iphonesimulator/TroLyNhac.build/Objects-normal/x86_64/TroLyNhac.SwiftFileList -DDEBUG -enable-bare-slash-regex -enable-experimental-feature DebugDescriptionMacro -sdk /Applications/Xcode.app/Contents/Developer/Platforms/iPhoneSimulator.platform/Developer/SDKs/iPhoneSimulator26.5.sdk -target x86_64-apple-ios15.0-simulator -g -module-cache-path /Users/kien/Library/Developer/Xcode/DerivedData/ModuleCache.noindex -Xfrontend -serialize-debugging-options -enable-testing -index-store-path /Users/kien/Library/Developer/Xcode/DerivedData/TroLyNhac-biwnbarwgtouqngqzociyeitncoc/Index.noindex/DataStore -Xcc -D_LIBCPP_HARDENING_MODE\=_LIBCPP_HARDENING_MODE_DEBUG -swift-version 5 -I /Users/kien/Library/Developer/Xcode/DerivedData/TroLyNhac-biwnbarwgtouqngqzociyeitncoc/Build/Products/Debug-iphonesimulator -F /Users/kien/Library/Developer/Xcode/DerivedData/TroLyNhac-biwnbarwgtouqngqzociyeitncoc/Build/Products/Debug-iphonesimulator -emit-localized-strings -emit-localized-strings-path /Users/kien/Library/Developer/Xcode/DerivedData/TroLyNhac-biwnbarwgtouqngqzociyeitncoc/Build/Intermediates.noindex/TroLyNhac.build/Debug-iphonesimulator/TroLyNhac.build/Objects-normal/x86_64 -c -j10 -enable-batch-mode -incremental -Xcc -ivfsstatcache -Xcc /Users/kien/Library/Developer/Xcode/DerivedData/SDKStatCaches.noindex/iphonesimulator26.5-23F81a-688ef53f1462e2c8f657fdc38a81448f6cfe768891a92b912361537c460fe42b.sdkstatcache -output-file-map /Users/kien/Library/Developer/Xcode/DerivedData/TroLyNhac-biwnbarwgtouqngqzociyeitncoc/Build/Intermediates.noindex/TroLyNhac.build/Debug-iphonesimulator/TroLyNhac.build/Objects-normal/x86_64/TroLyNhac-OutputFileMap.json -use-frontend-parseable-output -save-temps -no-color-diagnostics -explicit-module-build -module-cache-path /Users/kien/Library/Developer/Xcode/DerivedData/TroLyNhac-biwnbarwgtouqngqzociyeitncoc/Build/Intermediates.noindex/SwiftExplicitPrecompiledModules -clang-scanner-module-cache-path /Users/kien/Library/Developer/Xcode/DerivedData/ModuleCache.noindex -sdk-module-cache-path /Users/kien/Library/Developer/Xcode/DerivedData/ModuleCache.noindex -serialize-diagnostics -emit-dependencies -emit-module -emit-module-path /Users/kien/Library/Developer/Xcode/DerivedData/TroLyNhac-biwnbarwgtouqngqzociyeitncoc/Build/Intermediates.noindex/TroLyNhac.build/Debug-iphonesimulator/TroLyNhac.build/Objects-normal/x86_64/TroLyNhac.swiftmodule -validate-clang-modules-once -clang-build-session-file /Users/kien/Library/Developer/Xcode/DerivedData/ModuleCache.noindex/Session.modulevalidation -Xcc -I/Users/kien/Library/Developer/Xcode/DerivedData/TroLyNhac-biwnbarwgtouqngqzociyeitncoc/Build/Intermediates.noindex/TroLyNhac.build/Debug-iphonesimulator/TroLyNhac.build/swift-overrides.hmap -emit-const-values -Xfrontend -const-gather-protocols-file -Xfrontend /Users/kien/Library/Developer/Xcode/DerivedData/TroLyNhac-biwnbarwgtouqngqzociyeitncoc/Build/Intermediates.noindex/TroLyNhac.build/Debug-iphonesimulator/TroLyNhac.build/Objects-normal/x86_64/TroLyNhac_const_extract_protocols.json -Xcc -iquote -Xcc /Users/kien/Library/Developer/Xcode/DerivedData/TroLyNhac-biwnbarwgtouqngqzociyeitncoc/Build/Intermediates.noindex/TroLyNhac.build/Debug-iphonesimulator/TroLyNhac.build/TroLyNhac-generated-files.hmap -Xcc -I/Users/kien/Library/Developer/Xcode/DerivedData/TroLyNhac-biwnbarwgtouqngqzociyeitncoc/Build/Intermediates.noindex/TroLyNhac.build/Debug-iphonesimulator/TroLyNhac.build/TroLyNhac-own-target-headers.hmap -Xcc -I/Users/kien/Library/Developer/Xcode/DerivedData/TroLyNhac-biwnbarwgtouqngqzociyeitncoc/Build/Intermediates.noindex/TroLyNhac.build/Debug-iphonesimulator/TroLyNhac.build/TroLyNhac-all-target-headers.hmap -Xcc -iquote -Xcc /Users/kien/Library/Developer/Xcode/DerivedData/TroLyNhac-biwnbarwgtouqngqzociyeitncoc/Build/Intermediates.noindex/TroLyNhac.build/Debug-iphonesimulator/TroLyNhac.build/TroLyNhac-project-headers.hmap -Xcc -I/Users/kien/Library/Developer/Xcode/DerivedData/TroLyNhac-biwnbarwgtouqngqzociyeitncoc/Build/Products/Debug-iphonesimulator/include -Xcc -I/Users/kien/Library/Developer/Xcode/DerivedData/TroLyNhac-biwnbarwgtouqngqzociyeitncoc/Build/Intermediates.noindex/TroLyNhac.build/Debug-iphonesimulator/TroLyNhac.build/DerivedSources-normal/x86_64 -Xcc -I/Users/kien/Library/Developer/Xcode/DerivedData/TroLyNhac-biwnbarwgtouqngqzociyeitncoc/Build/Intermediates.noindex/TroLyNhac.build/Debug-iphonesimulator/TroLyNhac.build/DerivedSources/x86_64 -Xcc -I/Users/kien/Library/Developer/Xcode/DerivedData/TroLyNhac-biwnbarwgtouqngqzociyeitncoc/Build/Intermediates.noindex/TroLyNhac.build/Debug-iphonesimulator/TroLyNhac.build/DerivedSources -Xcc -DDEBUG\=1 -emit-objc-header -emit-objc-header-path /Users/kien/Library/Developer/Xcode/DerivedData/TroLyNhac-biwnbarwgtouqngqzociyeitncoc/Build/Intermediates.noindex/TroLyNhac.build/Debug-iphonesimulator/TroLyNhac.build/Objects-normal/x86_64/TroLyNhac-Swift.h -working-directory /Users/kien/Project/navidrome/ios -experimental-emit-module-separately -disable-cmo

SwiftMergeGeneratedHeaders /Users/kien/Library/Developer/Xcode/DerivedData/TroLyNhac-biwnbarwgtouqngqzociyeitncoc/Build/Intermediates.noindex/TroLyNhac.build/Debug-iphonesimulator/TroLyNhac.build/DerivedSources/TroLyNhac-Swift.h /Users/kien/Library/Developer/Xcode/DerivedData/TroLyNhac-biwnbarwgtouqngqzociyeitncoc/Build/Intermediates.noindex/TroLyNhac.build/Debug-iphonesimulator/TroLyNhac.build/Objects-normal/arm64/TroLyNhac-Swift.h /Users/kien/Library/Developer/Xcode/DerivedData/TroLyNhac-biwnbarwgtouqngqzociyeitncoc/Build/Intermediates.noindex/TroLyNhac.build/Debug-iphonesimulator/TroLyNhac.build/Objects-normal/x86_64/TroLyNhac-Swift.h (in target 'TroLyNhac' from project 'TroLyNhac')
    cd /Users/kien/Project/navidrome/ios
    builtin-swiftHeaderTool -arch arm64 /Users/kien/Library/Developer/Xcode/DerivedData/TroLyNhac-biwnbarwgtouqngqzociyeitncoc/Build/Intermediates.noindex/TroLyNhac.build/Debug-iphonesimulator/TroLyNhac.build/Objects-normal/arm64/TroLyNhac-Swift.h -arch x86_64 /Users/kien/Library/Developer/Xcode/DerivedData/TroLyNhac-biwnbarwgtouqngqzociyeitncoc/Build/Intermediates.noindex/TroLyNhac.build/Debug-iphonesimulator/TroLyNhac.build/Objects-normal/x86_64/TroLyNhac-Swift.h -o /Users/kien/Library/Developer/Xcode/DerivedData/TroLyNhac-biwnbarwgtouqngqzociyeitncoc/Build/Intermediates.noindex/TroLyNhac.build/Debug-iphonesimulator/TroLyNhac.build/DerivedSources/TroLyNhac-Swift.h

Copy /Users/kien/Library/Developer/Xcode/DerivedData/TroLyNhac-biwnbarwgtouqngqzociyeitncoc/Build/Products/Debug-iphonesimulator/TroLyNhac.swiftmodule/x86_64-apple-ios-simulator.swiftmodule /Users/kien/Library/Developer/Xcode/DerivedData/TroLyNhac-biwnbarwgtouqngqzociyeitncoc/Build/Intermediates.noindex/TroLyNhac.build/Debug-iphonesimulator/TroLyNhac.build/Objects-normal/x86_64/TroLyNhac.swiftmodule (in target 'TroLyNhac' from project 'TroLyNhac')
    cd /Users/kien/Project/navidrome/ios
    builtin-copy -exclude .DS_Store -exclude CVS -exclude .svn -exclude .git -exclude .hg -resolve-src-symlinks -rename /Users/kien/Library/Developer/Xcode/DerivedData/TroLyNhac-biwnbarwgtouqngqzociyeitncoc/Build/Intermediates.noindex/TroLyNhac.build/Debug-iphonesimulator/TroLyNhac.build/Objects-normal/x86_64/TroLyNhac.swiftmodule /Users/kien/Library/Developer/Xcode/DerivedData/TroLyNhac-biwnbarwgtouqngqzociyeitncoc/Build/Products/Debug-iphonesimulator/TroLyNhac.swiftmodule/x86_64-apple-ios-simulator.swiftmodule

Copy /Users/kien/Library/Developer/Xcode/DerivedData/TroLyNhac-biwnbarwgtouqngqzociyeitncoc/Build/Products/Debug-iphonesimulator/TroLyNhac.swiftmodule/x86_64-apple-ios-simulator.swiftdoc /Users/kien/Library/Developer/Xcode/DerivedData/TroLyNhac-biwnbarwgtouqngqzociyeitncoc/Build/Intermediates.noindex/TroLyNhac.build/Debug-iphonesimulator/TroLyNhac.build/Objects-normal/x86_64/TroLyNhac.swiftdoc (in target 'TroLyNhac' from project 'TroLyNhac')
    cd /Users/kien/Project/navidrome/ios
    builtin-copy -exclude .DS_Store -exclude CVS -exclude .svn -exclude .git -exclude .hg -resolve-src-symlinks -rename /Users/kien/Library/Developer/Xcode/DerivedData/TroLyNhac-biwnbarwgtouqngqzociyeitncoc/Build/Intermediates.noindex/TroLyNhac.build/Debug-iphonesimulator/TroLyNhac.build/Objects-normal/x86_64/TroLyNhac.swiftdoc /Users/kien/Library/Developer/Xcode/DerivedData/TroLyNhac-biwnbarwgtouqngqzociyeitncoc/Build/Products/Debug-iphonesimulator/TroLyNhac.swiftmodule/x86_64-apple-ios-simulator.swiftdoc

Copy /Users/kien/Library/Developer/Xcode/DerivedData/TroLyNhac-biwnbarwgtouqngqzociyeitncoc/Build/Products/Debug-iphonesimulator/TroLyNhac.swiftmodule/x86_64-apple-ios-simulator.abi.json /Users/kien/Library/Developer/Xcode/DerivedData/TroLyNhac-biwnbarwgtouqngqzociyeitncoc/Build/Intermediates.noindex/TroLyNhac.build/Debug-iphonesimulator/TroLyNhac.build/Objects-normal/x86_64/TroLyNhac.abi.json (in target 'TroLyNhac' from project 'TroLyNhac')
    cd /Users/kien/Project/navidrome/ios
    builtin-copy -exclude .DS_Store -exclude CVS -exclude .svn -exclude .git -exclude .hg -resolve-src-symlinks -rename /Users/kien/Library/Developer/Xcode/DerivedData/TroLyNhac-biwnbarwgtouqngqzociyeitncoc/Build/Intermediates.noindex/TroLyNhac.build/Debug-iphonesimulator/TroLyNhac.build/Objects-normal/x86_64/TroLyNhac.abi.json /Users/kien/Library/Developer/Xcode/DerivedData/TroLyNhac-biwnbarwgtouqngqzociyeitncoc/Build/Products/Debug-iphonesimulator/TroLyNhac.swiftmodule/x86_64-apple-ios-simulator.abi.json

Copy /Users/kien/Library/Developer/Xcode/DerivedData/TroLyNhac-biwnbarwgtouqngqzociyeitncoc/Build/Products/Debug-iphonesimulator/TroLyNhac.swiftmodule/Project/x86_64-apple-ios-simulator.swiftsourceinfo /Users/kien/Library/Developer/Xcode/DerivedData/TroLyNhac-biwnbarwgtouqngqzociyeitncoc/Build/Intermediates.noindex/TroLyNhac.build/Debug-iphonesimulator/TroLyNhac.build/Objects-normal/x86_64/TroLyNhac.swiftsourceinfo (in target 'TroLyNhac' from project 'TroLyNhac')
    cd /Users/kien/Project/navidrome/ios
    builtin-copy -exclude .DS_Store -exclude CVS -exclude .svn -exclude .git -exclude .hg -resolve-src-symlinks -rename /Users/kien/Library/Developer/Xcode/DerivedData/TroLyNhac-biwnbarwgtouqngqzociyeitncoc/Build/Intermediates.noindex/TroLyNhac.build/Debug-iphonesimulator/TroLyNhac.build/Objects-normal/x86_64/TroLyNhac.swiftsourceinfo /Users/kien/Library/Developer/Xcode/DerivedData/TroLyNhac-biwnbarwgtouqngqzociyeitncoc/Build/Products/Debug-iphonesimulator/TroLyNhac.swiftmodule/Project/x86_64-apple-ios-simulator.swiftsourceinfo

SwiftDriverJobDiscovery normal x86_64 Compiling AudioDecisionEngine.swift (in target 'TroLyNhac' from project 'TroLyNhac')

SwiftCompile normal x86_64 Compiling\ HomeView.swift /Users/kien/Project/navidrome/ios/TroLyNhac/Views/HomeView.swift (in target 'TroLyNhac' from project 'TroLyNhac')

SwiftCompile normal x86_64 /Users/kien/Project/navidrome/ios/TroLyNhac/Views/HomeView.swift (in target 'TroLyNhac' from project 'TroLyNhac')
    cd /Users/kien/Project/navidrome/ios
    

SwiftCompile normal x86_64 Compiling\ Theme.swift /Users/kien/Project/navidrome/ios/TroLyNhac/Theme.swift (in target 'TroLyNhac' from project 'TroLyNhac')

SwiftCompile normal x86_64 /Users/kien/Project/navidrome/ios/TroLyNhac/Theme.swift (in target 'TroLyNhac' from project 'TroLyNhac')
    cd /Users/kien/Project/navidrome/ios
    

SwiftCompile normal x86_64 Compiling\ SettingsView.swift /Users/kien/Project/navidrome/ios/TroLyNhac/Views/SettingsView.swift (in target 'TroLyNhac' from project 'TroLyNhac')

SwiftCompile normal x86_64 /Users/kien/Project/navidrome/ios/TroLyNhac/Views/SettingsView.swift (in target 'TroLyNhac' from project 'TroLyNhac')
    cd /Users/kien/Project/navidrome/ios
    

SwiftDriverJobDiscovery normal x86_64 Compiling Theme.swift (in target 'TroLyNhac' from project 'TroLyNhac')

SwiftCompile normal x86_64 Compiling\ MiniPlayerView.swift /Users/kien/Project/navidrome/ios/TroLyNhac/Views/MiniPlayerView.swift (in target 'TroLyNhac' from project 'TroLyNhac')

SwiftCompile normal x86_64 /Users/kien/Project/navidrome/ios/TroLyNhac/Views/MiniPlayerView.swift (in target 'TroLyNhac' from project 'TroLyNhac')
    cd /Users/kien/Project/navidrome/ios
    

SwiftDriverJobDiscovery normal arm64 Compiling HomeView.swift, SearchView.swift (in target 'TroLyNhac' from project 'TroLyNhac')

SwiftCompile normal x86_64 Compiling\ LibraryView.swift /Users/kien/Project/navidrome/ios/TroLyNhac/Views/LibraryView.swift (in target 'TroLyNhac' from project 'TroLyNhac')

SwiftCompile normal x86_64 /Users/kien/Project/navidrome/ios/TroLyNhac/Views/LibraryView.swift (in target 'TroLyNhac' from project 'TroLyNhac')
    cd /Users/kien/Project/navidrome/ios
    

SwiftDriverJobDiscovery normal x86_64 Compiling PlayerManager.swift (in target 'TroLyNhac' from project 'TroLyNhac')

SwiftCompile normal x86_64 Compiling\ TroLyNhacApp.swift /Users/kien/Project/navidrome/ios/TroLyNhac/TroLyNhacApp.swift (in target 'TroLyNhac' from project 'TroLyNhac')

SwiftCompile normal x86_64 /Users/kien/Project/navidrome/ios/TroLyNhac/TroLyNhacApp.swift (in target 'TroLyNhac' from project 'TroLyNhac')
    cd /Users/kien/Project/navidrome/ios
    

SwiftDriverJobDiscovery normal arm64 Compiling LibraryView.swift, SettingsView.swift (in target 'TroLyNhac' from project 'TroLyNhac')

SwiftCompile normal x86_64 Compiling\ LoginView.swift /Users/kien/Project/navidrome/ios/TroLyNhac/Views/LoginView.swift (in target 'TroLyNhac' from project 'TroLyNhac')
SwiftCompile normal x86_64 /Users/kien/Project/navidrome/ios/TroLyNhac/Views/LoginView.swift (in target 'TroLyNhac' from project 'TroLyNhac')
    cd /Users/kien/Project/navidrome/ios
    

SwiftDriverJobDiscovery normal x86_64 Compiling HomeView.swift (in target 'TroLyNhac' from project 'TroLyNhac')

SwiftCompile normal x86_64 Compiling\ AppShellView.swift /Users/kien/Project/navidrome/ios/TroLyNhac/Views/AppShellView.swift (in target 'TroLyNhac' from project 'TroLyNhac')

SwiftCompile normal x86_64 /Users/kien/Project/navidrome/ios/TroLyNhac/Views/AppShellView.swift (in target 'TroLyNhac' from project 'TroLyNhac')
    cd /Users/kien/Project/navidrome/ios
    

SwiftDriverJobDiscovery normal arm64 Compiling AudioDecisionEngine.swift, SubsonicRepository.swift (in target 'TroLyNhac' from project 'TroLyNhac')

SwiftCompile normal x86_64 Compiling\ SearchView.swift /Users/kien/Project/navidrome/ios/TroLyNhac/Views/SearchView.swift (in target 'TroLyNhac' from project 'TroLyNhac')

SwiftCompile normal x86_64 /Users/kien/Project/navidrome/ios/TroLyNhac/Views/SearchView.swift (in target 'TroLyNhac' from project 'TroLyNhac')
    cd /Users/kien/Project/navidrome/ios
    

SwiftDriverJobDiscovery normal x86_64 Compiling TroLyNhacApp.swift (in target 'TroLyNhac' from project 'TroLyNhac')

SwiftCompile normal x86_64 Compiling\ DetailViews.swift /Users/kien/Project/navidrome/ios/TroLyNhac/Views/DetailViews.swift (in target 'TroLyNhac' from project 'TroLyNhac')

SwiftCompile normal x86_64 /Users/kien/Project/navidrome/ios/TroLyNhac/Views/DetailViews.swift (in target 'TroLyNhac' from project 'TroLyNhac')
    cd /Users/kien/Project/navidrome/ios
    

SwiftDriverJobDiscovery normal x86_64 Compiling MiniPlayerView.swift (in target 'TroLyNhac' from project 'TroLyNhac')

SwiftDriverJobDiscovery normal x86_64 Compiling SettingsView.swift (in target 'TroLyNhac' from project 'TroLyNhac')

SwiftDriverJobDiscovery normal x86_64 Compiling AppShellView.swift (in target 'TroLyNhac' from project 'TroLyNhac')

SwiftDriverJobDiscovery normal x86_64 Compiling LibraryView.swift (in target 'TroLyNhac' from project 'TroLyNhac')

SwiftDriverJobDiscovery normal arm64 Compiling DetailViews.swift (in target 'TroLyNhac' from project 'TroLyNhac')

SwiftDriverJobDiscovery normal x86_64 Compiling SearchView.swift (in target 'TroLyNhac' from project 'TroLyNhac')

SwiftDriverJobDiscovery normal arm64 Compiling NowPlayingView.swift (in target 'TroLyNhac' from project 'TroLyNhac')

SwiftDriverJobDiscovery normal x86_64 Compiling NowPlayingView.swift (in target 'TroLyNhac' from project 'TroLyNhac')

SwiftDriverJobDiscovery normal x86_64 Compiling DetailViews.swift (in target 'TroLyNhac' from project 'TroLyNhac')

SwiftDriverJobDiscovery normal arm64 Compiling PlayerManager.swift, LoginView.swift (in target 'TroLyNhac' from project 'TroLyNhac')

SwiftDriver\ Compilation TroLyNhac normal arm64 com.apple.xcode.tools.swift.compiler (in target 'TroLyNhac' from project 'TroLyNhac')
    cd /Users/kien/Project/navidrome/ios
    builtin-Swift-Compilation -- /Applications/Xcode.app/Contents/Developer/Toolchains/XcodeDefault.xctoolchain/usr/bin/swiftc -module-name TroLyNhac -Onone @/Users/kien/Library/Developer/Xcode/DerivedData/TroLyNhac-biwnbarwgtouqngqzociyeitncoc/Build/Intermediates.noindex/TroLyNhac.build/Debug-iphonesimulator/TroLyNhac.build/Objects-normal/arm64/TroLyNhac.SwiftFileList -DDEBUG -enable-bare-slash-regex -enable-experimental-feature DebugDescriptionMacro -sdk /Applications/Xcode.app/Contents/Developer/Platforms/iPhoneSimulator.platform/Developer/SDKs/iPhoneSimulator26.5.sdk -target arm64-apple-ios15.0-simulator -g -module-cache-path /Users/kien/Library/Developer/Xcode/DerivedData/ModuleCache.noindex -Xfrontend -serialize-debugging-options -enable-testing -index-store-path /Users/kien/Library/Developer/Xcode/DerivedData/TroLyNhac-biwnbarwgtouqngqzociyeitncoc/Index.noindex/DataStore -Xcc -D_LIBCPP_HARDENING_MODE\=_LIBCPP_HARDENING_MODE_DEBUG -swift-version 5 -I /Users/kien/Library/Developer/Xcode/DerivedData/TroLyNhac-biwnbarwgtouqngqzociyeitncoc/Build/Products/Debug-iphonesimulator -F /Users/kien/Library/Developer/Xcode/DerivedData/TroLyNhac-biwnbarwgtouqngqzociyeitncoc/Build/Products/Debug-iphonesimulator -emit-localized-strings -emit-localized-strings-path /Users/kien/Library/Developer/Xcode/DerivedData/TroLyNhac-biwnbarwgtouqngqzociyeitncoc/Build/Intermediates.noindex/TroLyNhac.build/Debug-iphonesimulator/TroLyNhac.build/Objects-normal/arm64 -c -j10 -enable-batch-mode -incremental -Xcc -ivfsstatcache -Xcc /Users/kien/Library/Developer/Xcode/DerivedData/SDKStatCaches.noindex/iphonesimulator26.5-23F81a-688ef53f1462e2c8f657fdc38a81448f6cfe768891a92b912361537c460fe42b.sdkstatcache -output-file-map /Users/kien/Library/Developer/Xcode/DerivedData/TroLyNhac-biwnbarwgtouqngqzociyeitncoc/Build/Intermediates.noindex/TroLyNhac.build/Debug-iphonesimulator/TroLyNhac.build/Objects-normal/arm64/TroLyNhac-OutputFileMap.json -use-frontend-parseable-output -save-temps -no-color-diagnostics -explicit-module-build -module-cache-path /Users/kien/Library/Developer/Xcode/DerivedData/TroLyNhac-biwnbarwgtouqngqzociyeitncoc/Build/Intermediates.noindex/SwiftExplicitPrecompiledModules -clang-scanner-module-cache-path /Users/kien/Library/Developer/Xcode/DerivedData/ModuleCache.noindex -sdk-module-cache-path /Users/kien/Library/Developer/Xcode/DerivedData/ModuleCache.noindex -serialize-diagnostics -emit-dependencies -emit-module -emit-module-path /Users/kien/Library/Developer/Xcode/DerivedData/TroLyNhac-biwnbarwgtouqngqzociyeitncoc/Build/Intermediates.noindex/TroLyNhac.build/Debug-iphonesimulator/TroLyNhac.build/Objects-normal/arm64/TroLyNhac.swiftmodule -validate-clang-modules-once -clang-build-session-file /Users/kien/Library/Developer/Xcode/DerivedData/ModuleCache.noindex/Session.modulevalidation -Xcc -I/Users/kien/Library/Developer/Xcode/DerivedData/TroLyNhac-biwnbarwgtouqngqzociyeitncoc/Build/Intermediates.noindex/TroLyNhac.build/Debug-iphonesimulator/TroLyNhac.build/swift-overrides.hmap -emit-const-values -Xfrontend -const-gather-protocols-file -Xfrontend /Users/kien/Library/Developer/Xcode/DerivedData/TroLyNhac-biwnbarwgtouqngqzociyeitncoc/Build/Intermediates.noindex/TroLyNhac.build/Debug-iphonesimulator/TroLyNhac.build/Objects-normal/arm64/TroLyNhac_const_extract_protocols.json -Xcc -iquote -Xcc /Users/kien/Library/Developer/Xcode/DerivedData/TroLyNhac-biwnbarwgtouqngqzociyeitncoc/Build/Intermediates.noindex/TroLyNhac.build/Debug-iphonesimulator/TroLyNhac.build/TroLyNhac-generated-files.hmap -Xcc -I/Users/kien/Library/Developer/Xcode/DerivedData/TroLyNhac-biwnbarwgtouqngqzociyeitncoc/Build/Intermediates.noindex/TroLyNhac.build/Debug-iphonesimulator/TroLyNhac.build/TroLyNhac-own-target-headers.hmap -Xcc -I/Users/kien/Library/Developer/Xcode/DerivedData/TroLyNhac-biwnbarwgtouqngqzociyeitncoc/Build/Intermediates.noindex/TroLyNhac.build/Debug-iphonesimulator/TroLyNhac.build/TroLyNhac-all-target-headers.hmap -Xcc -iquote -Xcc /Users/kien/Library/Developer/Xcode/DerivedData/TroLyNhac-biwnbarwgtouqngqzociyeitncoc/Build/Intermediates.noindex/TroLyNhac.build/Debug-iphonesimulator/TroLyNhac.build/TroLyNhac-project-headers.hmap -Xcc -I/Users/kien/Library/Developer/Xcode/DerivedData/TroLyNhac-biwnbarwgtouqngqzociyeitncoc/Build/Products/Debug-iphonesimulator/include -Xcc -I/Users/kien/Library/Developer/Xcode/DerivedData/TroLyNhac-biwnbarwgtouqngqzociyeitncoc/Build/Intermediates.noindex/TroLyNhac.build/Debug-iphonesimulator/TroLyNhac.build/DerivedSources-normal/arm64 -Xcc -I/Users/kien/Library/Developer/Xcode/DerivedData/TroLyNhac-biwnbarwgtouqngqzociyeitncoc/Build/Intermediates.noindex/TroLyNhac.build/Debug-iphonesimulator/TroLyNhac.build/DerivedSources/arm64 -Xcc -I/Users/kien/Library/Developer/Xcode/DerivedData/TroLyNhac-biwnbarwgtouqngqzociyeitncoc/Build/Intermediates.noindex/TroLyNhac.build/Debug-iphonesimulator/TroLyNhac.build/DerivedSources -Xcc -DDEBUG\=1 -emit-objc-header -emit-objc-header-path /Users/kien/Library/Developer/Xcode/DerivedData/TroLyNhac-biwnbarwgtouqngqzociyeitncoc/Build/Intermediates.noindex/TroLyNhac.build/Debug-iphonesimulator/TroLyNhac.build/Objects-normal/arm64/TroLyNhac-Swift.h -working-directory /Users/kien/Project/navidrome/ios -experimental-emit-module-separately -disable-cmo

Ld /Users/kien/Library/Developer/Xcode/DerivedData/TroLyNhac-biwnbarwgtouqngqzociyeitncoc/Build/Intermediates.noindex/TroLyNhac.build/Debug-iphonesimulator/TroLyNhac.build/Objects-normal/arm64/Binary/TroLyNhac.debug.dylib normal arm64 (in target 'TroLyNhac' from project 'TroLyNhac')
    cd /Users/kien/Project/navidrome/ios
    /Applications/Xcode.app/Contents/Developer/Toolchains/XcodeDefault.xctoolchain/usr/bin/clang -Xlinker -reproducible -target arm64-apple-ios15.0-simulator -dynamiclib -isysroot /Applications/Xcode.app/Contents/Developer/Platforms/iPhoneSimulator.platform/Developer/SDKs/iPhoneSimulator26.5.sdk -O0 -L/Users/kien/Library/Developer/Xcode/DerivedData/TroLyNhac-biwnbarwgtouqngqzociyeitncoc/Build/Intermediates.noindex/EagerLinkingTBDs/Debug-iphonesimulator -L/Users/kien/Library/Developer/Xcode/DerivedData/TroLyNhac-biwnbarwgtouqngqzociyeitncoc/Build/Products/Debug-iphonesimulator -F/Users/kien/Library/Developer/Xcode/DerivedData/TroLyNhac-biwnbarwgtouqngqzociyeitncoc/Build/Intermediates.noindex/EagerLinkingTBDs/Debug-iphonesimulator -F/Users/kien/Library/Developer/Xcode/DerivedData/TroLyNhac-biwnbarwgtouqngqzociyeitncoc/Build/Products/Debug-iphonesimulator -filelist /Users/kien/Library/Developer/Xcode/DerivedData/TroLyNhac-biwnbarwgtouqngqzociyeitncoc/Build/Intermediates.noindex/TroLyNhac.build/Debug-iphonesimulator/TroLyNhac.build/Objects-normal/arm64/TroLyNhac.LinkFileList -install_name @rpath/TroLyNhac.debug.dylib -Xlinker -rpath -Xlinker /usr/lib/swift -Xlinker -rpath -Xlinker @executable_path/Frameworks -Xlinker -dead_strip -Xlinker -object_path_lto -Xlinker /Users/kien/Library/Developer/Xcode/DerivedData/TroLyNhac-biwnbarwgtouqngqzociyeitncoc/Build/Intermediates.noindex/TroLyNhac.build/Debug-iphonesimulator/TroLyNhac.build/Objects-normal/arm64/TroLyNhac_lto.o -rdynamic -Xlinker -no_deduplicate -Xlinker -objc_abi_version -Xlinker 2 -Xlinker -dependency_info -Xlinker /Users/kien/Library/Developer/Xcode/DerivedData/TroLyNhac-biwnbarwgtouqngqzociyeitncoc/Build/Intermediates.noindex/TroLyNhac.build/Debug-iphonesimulator/TroLyNhac.build/Objects-normal/arm64/TroLyNhac_dependency_info.dat -fobjc-link-runtime -L/Applications/Xcode.app/Contents/Developer/Toolchains/XcodeDefault.xctoolchain/usr/lib/swift/iphonesimulator -L/usr/lib/swift -Xlinker -add_ast_path -Xlinker /Users/kien/Library/Developer/Xcode/DerivedData/TroLyNhac-biwnbarwgtouqngqzociyeitncoc/Build/Intermediates.noindex/TroLyNhac.build/Debug-iphonesimulator/TroLyNhac.build/Objects-normal/arm64/TroLyNhac.swiftmodule @/Users/kien/Library/Developer/Xcode/DerivedData/TroLyNhac-biwnbarwgtouqngqzociyeitncoc/Build/Intermediates.noindex/TroLyNhac.build/Debug-iphonesimulator/TroLyNhac.build/Objects-normal/arm64/TroLyNhac-linker-args.resp -Xlinker -alias -Xlinker _main -Xlinker ___debug_main_executable_dylib_entry_point -Xlinker -no_adhoc_codesign -o /Users/kien/Library/Developer/Xcode/DerivedData/TroLyNhac-biwnbarwgtouqngqzociyeitncoc/Build/Intermediates.noindex/TroLyNhac.build/Debug-iphonesimulator/TroLyNhac.build/Objects-normal/arm64/Binary/TroLyNhac.debug.dylib

SwiftDriverJobDiscovery normal x86_64 Compiling LoginView.swift (in target 'TroLyNhac' from project 'TroLyNhac')

SwiftDriver\ Compilation TroLyNhac normal x86_64 com.apple.xcode.tools.swift.compiler (in target 'TroLyNhac' from project 'TroLyNhac')
    cd /Users/kien/Project/navidrome/ios
    builtin-Swift-Compilation -- /Applications/Xcode.app/Contents/Developer/Toolchains/XcodeDefault.xctoolchain/usr/bin/swiftc -module-name TroLyNhac -Onone @/Users/kien/Library/Developer/Xcode/DerivedData/TroLyNhac-biwnbarwgtouqngqzociyeitncoc/Build/Intermediates.noindex/TroLyNhac.build/Debug-iphonesimulator/TroLyNhac.build/Objects-normal/x86_64/TroLyNhac.SwiftFileList -DDEBUG -enable-bare-slash-regex -enable-experimental-feature DebugDescriptionMacro -sdk /Applications/Xcode.app/Contents/Developer/Platforms/iPhoneSimulator.platform/Developer/SDKs/iPhoneSimulator26.5.sdk -target x86_64-apple-ios15.0-simulator -g -module-cache-path /Users/kien/Library/Developer/Xcode/DerivedData/ModuleCache.noindex -Xfrontend -serialize-debugging-options -enable-testing -index-store-path /Users/kien/Library/Developer/Xcode/DerivedData/TroLyNhac-biwnbarwgtouqngqzociyeitncoc/Index.noindex/DataStore -Xcc -D_LIBCPP_HARDENING_MODE\=_LIBCPP_HARDENING_MODE_DEBUG -swift-version 5 -I /Users/kien/Library/Developer/Xcode/DerivedData/TroLyNhac-biwnbarwgtouqngqzociyeitncoc/Build/Products/Debug-iphonesimulator -F /Users/kien/Library/Developer/Xcode/DerivedData/TroLyNhac-biwnbarwgtouqngqzociyeitncoc/Build/Products/Debug-iphonesimulator -emit-localized-strings -emit-localized-strings-path /Users/kien/Library/Developer/Xcode/DerivedData/TroLyNhac-biwnbarwgtouqngqzociyeitncoc/Build/Intermediates.noindex/TroLyNhac.build/Debug-iphonesimulator/TroLyNhac.build/Objects-normal/x86_64 -c -j10 -enable-batch-mode -incremental -Xcc -ivfsstatcache -Xcc /Users/kien/Library/Developer/Xcode/DerivedData/SDKStatCaches.noindex/iphonesimulator26.5-23F81a-688ef53f1462e2c8f657fdc38a81448f6cfe768891a92b912361537c460fe42b.sdkstatcache -output-file-map /Users/kien/Library/Developer/Xcode/DerivedData/TroLyNhac-biwnbarwgtouqngqzociyeitncoc/Build/Intermediates.noindex/TroLyNhac.build/Debug-iphonesimulator/TroLyNhac.build/Objects-normal/x86_64/TroLyNhac-OutputFileMap.json -use-frontend-parseable-output -save-temps -no-color-diagnostics -explicit-module-build -module-cache-path /Users/kien/Library/Developer/Xcode/DerivedData/TroLyNhac-biwnbarwgtouqngqzociyeitncoc/Build/Intermediates.noindex/SwiftExplicitPrecompiledModules -clang-scanner-module-cache-path /Users/kien/Library/Developer/Xcode/DerivedData/ModuleCache.noindex -sdk-module-cache-path /Users/kien/Library/Developer/Xcode/DerivedData/ModuleCache.noindex -serialize-diagnostics -emit-dependencies -emit-module -emit-module-path /Users/kien/Library/Developer/Xcode/DerivedData/TroLyNhac-biwnbarwgtouqngqzociyeitncoc/Build/Intermediates.noindex/TroLyNhac.build/Debug-iphonesimulator/TroLyNhac.build/Objects-normal/x86_64/TroLyNhac.swiftmodule -validate-clang-modules-once -clang-build-session-file /Users/kien/Library/Developer/Xcode/DerivedData/ModuleCache.noindex/Session.modulevalidation -Xcc -I/Users/kien/Library/Developer/Xcode/DerivedData/TroLyNhac-biwnbarwgtouqngqzociyeitncoc/Build/Intermediates.noindex/TroLyNhac.build/Debug-iphonesimulator/TroLyNhac.build/swift-overrides.hmap -emit-const-values -Xfrontend -const-gather-protocols-file -Xfrontend /Users/kien/Library/Developer/Xcode/DerivedData/TroLyNhac-biwnbarwgtouqngqzociyeitncoc/Build/Intermediates.noindex/TroLyNhac.build/Debug-iphonesimulator/TroLyNhac.build/Objects-normal/x86_64/TroLyNhac_const_extract_protocols.json -Xcc -iquote -Xcc /Users/kien/Library/Developer/Xcode/DerivedData/TroLyNhac-biwnbarwgtouqngqzociyeitncoc/Build/Intermediates.noindex/TroLyNhac.build/Debug-iphonesimulator/TroLyNhac.build/TroLyNhac-generated-files.hmap -Xcc -I/Users/kien/Library/Developer/Xcode/DerivedData/TroLyNhac-biwnbarwgtouqngqzociyeitncoc/Build/Intermediates.noindex/TroLyNhac.build/Debug-iphonesimulator/TroLyNhac.build/TroLyNhac-own-target-headers.hmap -Xcc -I/Users/kien/Library/Developer/Xcode/DerivedData/TroLyNhac-biwnbarwgtouqngqzociyeitncoc/Build/Intermediates.noindex/TroLyNhac.build/Debug-iphonesimulator/TroLyNhac.build/TroLyNhac-all-target-headers.hmap -Xcc -iquote -Xcc /Users/kien/Library/Developer/Xcode/DerivedData/TroLyNhac-biwnbarwgtouqngqzociyeitncoc/Build/Intermediates.noindex/TroLyNhac.build/Debug-iphonesimulator/TroLyNhac.build/TroLyNhac-project-headers.hmap -Xcc -I/Users/kien/Library/Developer/Xcode/DerivedData/TroLyNhac-biwnbarwgtouqngqzociyeitncoc/Build/Products/Debug-iphonesimulator/include -Xcc -I/Users/kien/Library/Developer/Xcode/DerivedData/TroLyNhac-biwnbarwgtouqngqzociyeitncoc/Build/Intermediates.noindex/TroLyNhac.build/Debug-iphonesimulator/TroLyNhac.build/DerivedSources-normal/x86_64 -Xcc -I/Users/kien/Library/Developer/Xcode/DerivedData/TroLyNhac-biwnbarwgtouqngqzociyeitncoc/Build/Intermediates.noindex/TroLyNhac.build/Debug-iphonesimulator/TroLyNhac.build/DerivedSources/x86_64 -Xcc -I/Users/kien/Library/Developer/Xcode/DerivedData/TroLyNhac-biwnbarwgtouqngqzociyeitncoc/Build/Intermediates.noindex/TroLyNhac.build/Debug-iphonesimulator/TroLyNhac.build/DerivedSources -Xcc -DDEBUG\=1 -emit-objc-header -emit-objc-header-path /Users/kien/Library/Developer/Xcode/DerivedData/TroLyNhac-biwnbarwgtouqngqzociyeitncoc/Build/Intermediates.noindex/TroLyNhac.build/Debug-iphonesimulator/TroLyNhac.build/Objects-normal/x86_64/TroLyNhac-Swift.h -working-directory /Users/kien/Project/navidrome/ios -experimental-emit-module-separately -disable-cmo

Ld /Users/kien/Library/Developer/Xcode/DerivedData/TroLyNhac-biwnbarwgtouqngqzociyeitncoc/Build/Intermediates.noindex/TroLyNhac.build/Debug-iphonesimulator/TroLyNhac.build/Objects-normal/x86_64/Binary/TroLyNhac.debug.dylib normal x86_64 (in target 'TroLyNhac' from project 'TroLyNhac')
    cd /Users/kien/Project/navidrome/ios
    /Applications/Xcode.app/Contents/Developer/Toolchains/XcodeDefault.xctoolchain/usr/bin/clang -Xlinker -reproducible -target x86_64-apple-ios15.0-simulator -dynamiclib -isysroot /Applications/Xcode.app/Contents/Developer/Platforms/iPhoneSimulator.platform/Developer/SDKs/iPhoneSimulator26.5.sdk -O0 -L/Users/kien/Library/Developer/Xcode/DerivedData/TroLyNhac-biwnbarwgtouqngqzociyeitncoc/Build/Intermediates.noindex/EagerLinkingTBDs/Debug-iphonesimulator -L/Users/kien/Library/Developer/Xcode/DerivedData/TroLyNhac-biwnbarwgtouqngqzociyeitncoc/Build/Products/Debug-iphonesimulator -F/Users/kien/Library/Developer/Xcode/DerivedData/TroLyNhac-biwnbarwgtouqngqzociyeitncoc/Build/Intermediates.noindex/EagerLinkingTBDs/Debug-iphonesimulator -F/Users/kien/Library/Developer/Xcode/DerivedData/TroLyNhac-biwnbarwgtouqngqzociyeitncoc/Build/Products/Debug-iphonesimulator -filelist /Users/kien/Library/Developer/Xcode/DerivedData/TroLyNhac-biwnbarwgtouqngqzociyeitncoc/Build/Intermediates.noindex/TroLyNhac.build/Debug-iphonesimulator/TroLyNhac.build/Objects-normal/x86_64/TroLyNhac.LinkFileList -install_name @rpath/TroLyNhac.debug.dylib -Xlinker -rpath -Xlinker /usr/lib/swift -Xlinker -rpath -Xlinker @executable_path/Frameworks -Xlinker -dead_strip -Xlinker -object_path_lto -Xlinker /Users/kien/Library/Developer/Xcode/DerivedData/TroLyNhac-biwnbarwgtouqngqzociyeitncoc/Build/Intermediates.noindex/TroLyNhac.build/Debug-iphonesimulator/TroLyNhac.build/Objects-normal/x86_64/TroLyNhac_lto.o -rdynamic -Xlinker -no_deduplicate -Xlinker -objc_abi_version -Xlinker 2 -Xlinker -dependency_info -Xlinker /Users/kien/Library/Developer/Xcode/DerivedData/TroLyNhac-biwnbarwgtouqngqzociyeitncoc/Build/Intermediates.noindex/TroLyNhac.build/Debug-iphonesimulator/TroLyNhac.build/Objects-normal/x86_64/TroLyNhac_dependency_info.dat -fobjc-link-runtime -L/Applications/Xcode.app/Contents/Developer/Toolchains/XcodeDefault.xctoolchain/usr/lib/swift/iphonesimulator -L/usr/lib/swift -Xlinker -add_ast_path -Xlinker /Users/kien/Library/Developer/Xcode/DerivedData/TroLyNhac-biwnbarwgtouqngqzociyeitncoc/Build/Intermediates.noindex/TroLyNhac.build/Debug-iphonesimulator/TroLyNhac.build/Objects-normal/x86_64/TroLyNhac.swiftmodule @/Users/kien/Library/Developer/Xcode/DerivedData/TroLyNhac-biwnbarwgtouqngqzociyeitncoc/Build/Intermediates.noindex/TroLyNhac.build/Debug-iphonesimulator/TroLyNhac.build/Objects-normal/x86_64/TroLyNhac-linker-args.resp -Xlinker -alias -Xlinker _main -Xlinker ___debug_main_executable_dylib_entry_point -Xlinker -no_adhoc_codesign -o /Users/kien/Library/Developer/Xcode/DerivedData/TroLyNhac-biwnbarwgtouqngqzociyeitncoc/Build/Intermediates.noindex/TroLyNhac.build/Debug-iphonesimulator/TroLyNhac.build/Objects-normal/x86_64/Binary/TroLyNhac.debug.dylib

ConstructStubExecutorLinkFileList /Users/kien/Library/Developer/Xcode/DerivedData/TroLyNhac-biwnbarwgtouqngqzociyeitncoc/Build/Intermediates.noindex/TroLyNhac.build/Debug-iphonesimulator/TroLyNhac.build/TroLyNhac-ExecutorLinkFileList-normal-arm64.txt (in target 'TroLyNhac' from project 'TroLyNhac')
    cd /Users/kien/Project/navidrome/ios
    construct-stub-executor-link-file-list /Users/kien/Library/Developer/Xcode/DerivedData/TroLyNhac-biwnbarwgtouqngqzociyeitncoc/Build/Intermediates.noindex/TroLyNhac.build/Debug-iphonesimulator/TroLyNhac.build/Objects-normal/arm64/Binary/TroLyNhac.debug.dylib /Applications/Xcode.app/Contents/Developer/Platforms/iPhoneSimulator.platform/Developer/usr/lib/libPreviewsJITStubExecutor_no_swift_entry_point.a /Applications/Xcode.app/Contents/Developer/Platforms/iPhoneSimulator.platform/Developer/usr/lib/libPreviewsJITStubExecutor.a --output /Users/kien/Library/Developer/Xcode/DerivedData/TroLyNhac-biwnbarwgtouqngqzociyeitncoc/Build/Intermediates.noindex/TroLyNhac.build/Debug-iphonesimulator/TroLyNhac.build/TroLyNhac-ExecutorLinkFileList-normal-arm64.txt
note: Using stub executor library with Swift entry point. (in target 'TroLyNhac' from project 'TroLyNhac')

Ld /Users/kien/Library/Developer/Xcode/DerivedData/TroLyNhac-biwnbarwgtouqngqzociyeitncoc/Build/Intermediates.noindex/TroLyNhac.build/Debug-iphonesimulator/TroLyNhac.build/Objects-normal/arm64/Binary/TroLyNhac normal arm64 (in target 'TroLyNhac' from project 'TroLyNhac')
    cd /Users/kien/Project/navidrome/ios
    /Applications/Xcode.app/Contents/Developer/Toolchains/XcodeDefault.xctoolchain/usr/bin/clang -Xlinker -reproducible -target arm64-apple-ios15.0-simulator -isysroot /Applications/Xcode.app/Contents/Developer/Platforms/iPhoneSimulator.platform/Developer/SDKs/iPhoneSimulator26.5.sdk -O0 -L/Users/kien/Library/Developer/Xcode/DerivedData/TroLyNhac-biwnbarwgtouqngqzociyeitncoc/Build/Products/Debug-iphonesimulator -F/Users/kien/Library/Developer/Xcode/DerivedData/TroLyNhac-biwnbarwgtouqngqzociyeitncoc/Build/Products/Debug-iphonesimulator -Xlinker -rpath -Xlinker @executable_path -Xlinker -rpath -Xlinker @executable_path/Frameworks -rdynamic -Xlinker -no_deduplicate -Xlinker -objc_abi_version -Xlinker 2 -e ___debug_blank_executor_main -Xlinker -sectcreate -Xlinker __TEXT -Xlinker __debug_dylib -Xlinker /Users/kien/Library/Developer/Xcode/DerivedData/TroLyNhac-biwnbarwgtouqngqzociyeitncoc/Build/Intermediates.noindex/TroLyNhac.build/Debug-iphonesimulator/TroLyNhac.build/TroLyNhac-DebugDylibPath-normal-arm64.txt -Xlinker -sectcreate -Xlinker __TEXT -Xlinker __debug_instlnm -Xlinker /Users/kien/Library/Developer/Xcode/DerivedData/TroLyNhac-biwnbarwgtouqngqzociyeitncoc/Build/Intermediates.noindex/TroLyNhac.build/Debug-iphonesimulator/TroLyNhac.build/TroLyNhac-DebugDylibInstallName-normal-arm64.txt -Xlinker -filelist -Xlinker /Users/kien/Library/Developer/Xcode/DerivedData/TroLyNhac-biwnbarwgtouqngqzociyeitncoc/Build/Intermediates.noindex/TroLyNhac.build/Debug-iphonesimulator/TroLyNhac.build/TroLyNhac-ExecutorLinkFileList-normal-arm64.txt -Xlinker -sectcreate -Xlinker __TEXT -Xlinker __entitlements -Xlinker /Users/kien/Library/Developer/Xcode/DerivedData/TroLyNhac-biwnbarwgtouqngqzociyeitncoc/Build/Intermediates.noindex/TroLyNhac.build/Debug-iphonesimulator/TroLyNhac.build/TroLyNhac.app-Simulated.xcent -Xlinker -sectcreate -Xlinker __TEXT -Xlinker __ents_der -Xlinker /Users/kien/Library/Developer/Xcode/DerivedData/TroLyNhac-biwnbarwgtouqngqzociyeitncoc/Build/Intermediates.noindex/TroLyNhac.build/Debug-iphonesimulator/TroLyNhac.build/TroLyNhac.app-Simulated.xcent.der /Users/kien/Library/Developer/Xcode/DerivedData/TroLyNhac-biwnbarwgtouqngqzociyeitncoc/Build/Intermediates.noindex/TroLyNhac.build/Debug-iphonesimulator/TroLyNhac.build/Objects-normal/arm64/Binary/TroLyNhac.debug.dylib -Xlinker -no_adhoc_codesign -o /Users/kien/Library/Developer/Xcode/DerivedData/TroLyNhac-biwnbarwgtouqngqzociyeitncoc/Build/Intermediates.noindex/TroLyNhac.build/Debug-iphonesimulator/TroLyNhac.build/Objects-normal/arm64/Binary/TroLyNhac

CreateUniversalBinary /Users/kien/Library/Developer/Xcode/DerivedData/TroLyNhac-biwnbarwgtouqngqzociyeitncoc/Build/Products/Debug-iphonesimulator/TroLyNhac.app/TroLyNhac.debug.dylib normal arm64\ x86_64 (in target 'TroLyNhac' from project 'TroLyNhac')
    cd /Users/kien/Project/navidrome/ios
    /Applications/Xcode.app/Contents/Developer/Toolchains/XcodeDefault.xctoolchain/usr/bin/lipo -create /Users/kien/Library/Developer/Xcode/DerivedData/TroLyNhac-biwnbarwgtouqngqzociyeitncoc/Build/Intermediates.noindex/TroLyNhac.build/Debug-iphonesimulator/TroLyNhac.build/Objects-normal/arm64/Binary/TroLyNhac.debug.dylib /Users/kien/Library/Developer/Xcode/DerivedData/TroLyNhac-biwnbarwgtouqngqzociyeitncoc/Build/Intermediates.noindex/TroLyNhac.build/Debug-iphonesimulator/TroLyNhac.build/Objects-normal/x86_64/Binary/TroLyNhac.debug.dylib -output /Users/kien/Library/Developer/Xcode/DerivedData/TroLyNhac-biwnbarwgtouqngqzociyeitncoc/Build/Products/Debug-iphonesimulator/TroLyNhac.app/TroLyNhac.debug.dylib

ConstructStubExecutorLinkFileList /Users/kien/Library/Developer/Xcode/DerivedData/TroLyNhac-biwnbarwgtouqngqzociyeitncoc/Build/Intermediates.noindex/TroLyNhac.build/Debug-iphonesimulator/TroLyNhac.build/TroLyNhac-ExecutorLinkFileList-normal-x86_64.txt (in target 'TroLyNhac' from project 'TroLyNhac')
    cd /Users/kien/Project/navidrome/ios
    construct-stub-executor-link-file-list /Users/kien/Library/Developer/Xcode/DerivedData/TroLyNhac-biwnbarwgtouqngqzociyeitncoc/Build/Intermediates.noindex/TroLyNhac.build/Debug-iphonesimulator/TroLyNhac.build/Objects-normal/x86_64/Binary/TroLyNhac.debug.dylib /Applications/Xcode.app/Contents/Developer/Platforms/iPhoneSimulator.platform/Developer/usr/lib/libPreviewsJITStubExecutor_no_swift_entry_point.a /Applications/Xcode.app/Contents/Developer/Platforms/iPhoneSimulator.platform/Developer/usr/lib/libPreviewsJITStubExecutor.a --output /Users/kien/Library/Developer/Xcode/DerivedData/TroLyNhac-biwnbarwgtouqngqzociyeitncoc/Build/Intermediates.noindex/TroLyNhac.build/Debug-iphonesimulator/TroLyNhac.build/TroLyNhac-ExecutorLinkFileList-normal-x86_64.txt
note: Using stub executor library with Swift entry point. (in target 'TroLyNhac' from project 'TroLyNhac')

Ld /Users/kien/Library/Developer/Xcode/DerivedData/TroLyNhac-biwnbarwgtouqngqzociyeitncoc/Build/Intermediates.noindex/TroLyNhac.build/Debug-iphonesimulator/TroLyNhac.build/Objects-normal/x86_64/Binary/TroLyNhac normal x86_64 (in target 'TroLyNhac' from project 'TroLyNhac')
    cd /Users/kien/Project/navidrome/ios
    /Applications/Xcode.app/Contents/Developer/Toolchains/XcodeDefault.xctoolchain/usr/bin/clang -Xlinker -reproducible -target x86_64-apple-ios15.0-simulator -isysroot /Applications/Xcode.app/Contents/Developer/Platforms/iPhoneSimulator.platform/Developer/SDKs/iPhoneSimulator26.5.sdk -O0 -L/Users/kien/Library/Developer/Xcode/DerivedData/TroLyNhac-biwnbarwgtouqngqzociyeitncoc/Build/Products/Debug-iphonesimulator -F/Users/kien/Library/Developer/Xcode/DerivedData/TroLyNhac-biwnbarwgtouqngqzociyeitncoc/Build/Products/Debug-iphonesimulator -Xlinker -rpath -Xlinker @executable_path -Xlinker -rpath -Xlinker @executable_path/Frameworks -rdynamic -Xlinker -no_deduplicate -Xlinker -objc_abi_version -Xlinker 2 -e ___debug_blank_executor_main -Xlinker -sectcreate -Xlinker __TEXT -Xlinker __debug_dylib -Xlinker /Users/kien/Library/Developer/Xcode/DerivedData/TroLyNhac-biwnbarwgtouqngqzociyeitncoc/Build/Intermediates.noindex/TroLyNhac.build/Debug-iphonesimulator/TroLyNhac.build/TroLyNhac-DebugDylibPath-normal-x86_64.txt -Xlinker -sectcreate -Xlinker __TEXT -Xlinker __debug_instlnm -Xlinker /Users/kien/Library/Developer/Xcode/DerivedData/TroLyNhac-biwnbarwgtouqngqzociyeitncoc/Build/Intermediates.noindex/TroLyNhac.build/Debug-iphonesimulator/TroLyNhac.build/TroLyNhac-DebugDylibInstallName-normal-x86_64.txt -Xlinker -filelist -Xlinker /Users/kien/Library/Developer/Xcode/DerivedData/TroLyNhac-biwnbarwgtouqngqzociyeitncoc/Build/Intermediates.noindex/TroLyNhac.build/Debug-iphonesimulator/TroLyNhac.build/TroLyNhac-ExecutorLinkFileList-normal-x86_64.txt -Xlinker -sectcreate -Xlinker __TEXT -Xlinker __entitlements -Xlinker /Users/kien/Library/Developer/Xcode/DerivedData/TroLyNhac-biwnbarwgtouqngqzociyeitncoc/Build/Intermediates.noindex/TroLyNhac.build/Debug-iphonesimulator/TroLyNhac.build/TroLyNhac.app-Simulated.xcent -Xlinker -sectcreate -Xlinker __TEXT -Xlinker __ents_der -Xlinker /Users/kien/Library/Developer/Xcode/DerivedData/TroLyNhac-biwnbarwgtouqngqzociyeitncoc/Build/Intermediates.noindex/TroLyNhac.build/Debug-iphonesimulator/TroLyNhac.build/TroLyNhac.app-Simulated.xcent.der /Users/kien/Library/Developer/Xcode/DerivedData/TroLyNhac-biwnbarwgtouqngqzociyeitncoc/Build/Intermediates.noindex/TroLyNhac.build/Debug-iphonesimulator/TroLyNhac.build/Objects-normal/x86_64/Binary/TroLyNhac.debug.dylib -Xlinker -no_adhoc_codesign -o /Users/kien/Library/Developer/Xcode/DerivedData/TroLyNhac-biwnbarwgtouqngqzociyeitncoc/Build/Intermediates.noindex/TroLyNhac.build/Debug-iphonesimulator/TroLyNhac.build/Objects-normal/x86_64/Binary/TroLyNhac

CreateUniversalBinary /Users/kien/Library/Developer/Xcode/DerivedData/TroLyNhac-biwnbarwgtouqngqzociyeitncoc/Build/Products/Debug-iphonesimulator/TroLyNhac.app/TroLyNhac normal arm64\ x86_64 (in target 'TroLyNhac' from project 'TroLyNhac')
    cd /Users/kien/Project/navidrome/ios
    /Applications/Xcode.app/Contents/Developer/Toolchains/XcodeDefault.xctoolchain/usr/bin/lipo -create /Users/kien/Library/Developer/Xcode/DerivedData/TroLyNhac-biwnbarwgtouqngqzociyeitncoc/Build/Intermediates.noindex/TroLyNhac.build/Debug-iphonesimulator/TroLyNhac.build/Objects-normal/arm64/Binary/TroLyNhac /Users/kien/Library/Developer/Xcode/DerivedData/TroLyNhac-biwnbarwgtouqngqzociyeitncoc/Build/Intermediates.noindex/TroLyNhac.build/Debug-iphonesimulator/TroLyNhac.build/Objects-normal/x86_64/Binary/TroLyNhac -output /Users/kien/Library/Developer/Xcode/DerivedData/TroLyNhac-biwnbarwgtouqngqzociyeitncoc/Build/Products/Debug-iphonesimulator/TroLyNhac.app/TroLyNhac

ExtractAppIntentsMetadata (in target 'TroLyNhac' from project 'TroLyNhac')
    cd /Users/kien/Project/navidrome/ios
    /Applications/Xcode.app/Contents/Developer/Toolchains/XcodeDefault.xctoolchain/usr/bin/appintentsmetadataprocessor --toolchain-dir /var/run/com.apple.security.cryptexd/mnt/com.apple.MobileAsset.MetalToolchain-v17.6.109.0.zK7TLN/Metal.xctoolchain --module-name TroLyNhac --sdk-root /Applications/Xcode.app/Contents/Developer/Platforms/iPhoneSimulator.platform/Developer/SDKs/iPhoneSimulator26.5.sdk --xcode-version 17F113 --platform-family iOS --deployment-target 15.0 --bundle-identifier me.troly.nhac.ios --output /Users/kien/Library/Developer/Xcode/DerivedData/TroLyNhac-biwnbarwgtouqngqzociyeitncoc/Build/Products/Debug-iphonesimulator/TroLyNhac.app --target-triple arm64-apple-ios15.0-simulator --target-triple x86_64-apple-ios15.0-simulator --binary-file /Users/kien/Library/Developer/Xcode/DerivedData/TroLyNhac-biwnbarwgtouqngqzociyeitncoc/Build/Products/Debug-iphonesimulator/TroLyNhac.app/TroLyNhac --dependency-file /Users/kien/Library/Developer/Xcode/DerivedData/TroLyNhac-biwnbarwgtouqngqzociyeitncoc/Build/Intermediates.noindex/TroLyNhac.build/Debug-iphonesimulator/TroLyNhac.build/Objects-normal/arm64/TroLyNhac_dependency_info.dat --dependency-file /Users/kien/Library/Developer/Xcode/DerivedData/TroLyNhac-biwnbarwgtouqngqzociyeitncoc/Build/Intermediates.noindex/TroLyNhac.build/Debug-iphonesimulator/TroLyNhac.build/Objects-normal/x86_64/TroLyNhac_dependency_info.dat --stringsdata-file /Users/kien/Library/Developer/Xcode/DerivedData/TroLyNhac-biwnbarwgtouqngqzociyeitncoc/Build/Intermediates.noindex/TroLyNhac.build/Debug-iphonesimulator/TroLyNhac.build/Objects-normal/arm64/ExtractedAppShortcutsMetadata.stringsdata --stringsdata-file /Users/kien/Library/Developer/Xcode/DerivedData/TroLyNhac-biwnbarwgtouqngqzociyeitncoc/Build/Intermediates.noindex/TroLyNhac.build/Debug-iphonesimulator/TroLyNhac.build/Objects-normal/x86_64/ExtractedAppShortcutsMetadata.stringsdata --source-file-list /Users/kien/Library/Developer/Xcode/DerivedData/TroLyNhac-biwnbarwgtouqngqzociyeitncoc/Build/Intermediates.noindex/TroLyNhac.build/Debug-iphonesimulator/TroLyNhac.build/Objects-normal/arm64/TroLyNhac.SwiftFileList --source-file-list /Users/kien/Library/Developer/Xcode/DerivedData/TroLyNhac-biwnbarwgtouqngqzociyeitncoc/Build/Intermediates.noindex/TroLyNhac.build/Debug-iphonesimulator/TroLyNhac.build/Objects-normal/x86_64/TroLyNhac.SwiftFileList --metadata-file-list /Users/kien/Library/Developer/Xcode/DerivedData/TroLyNhac-biwnbarwgtouqngqzociyeitncoc/Build/Intermediates.noindex/TroLyNhac.build/Debug-iphonesimulator/TroLyNhac.build/TroLyNhac.DependencyMetadataFileList --static-metadata-file-list /Users/kien/Library/Developer/Xcode/DerivedData/TroLyNhac-biwnbarwgtouqngqzociyeitncoc/Build/Intermediates.noindex/TroLyNhac.build/Debug-iphonesimulator/TroLyNhac.build/TroLyNhac.DependencyStaticMetadataFileList --swift-const-vals-list /Users/kien/Library/Developer/Xcode/DerivedData/TroLyNhac-biwnbarwgtouqngqzociyeitncoc/Build/Intermediates.noindex/TroLyNhac.build/Debug-iphonesimulator/TroLyNhac.build/Objects-normal/arm64/TroLyNhac.SwiftConstValuesFileList --swift-const-vals-list /Users/kien/Library/Developer/Xcode/DerivedData/TroLyNhac-biwnbarwgtouqngqzociyeitncoc/Build/Intermediates.noindex/TroLyNhac.build/Debug-iphonesimulator/TroLyNhac.build/Objects-normal/x86_64/TroLyNhac.SwiftConstValuesFileList --compile-time-extraction --deployment-aware-processing --validate-assistant-intents --no-app-shortcuts-localization
2026-07-09 14:40:58.187 appintentsmetadataprocessor[18184:1840482] Starting appintentsmetadataprocessor export
2026-07-09 14:40:58.197 appintentsmetadataprocessor[18184:1840482] warning: Metadata extraction skipped. No AppIntents.framework dependency found.

CopySwiftLibs /Users/kien/Library/Developer/Xcode/DerivedData/TroLyNhac-biwnbarwgtouqngqzociyeitncoc/Build/Products/Debug-iphonesimulator/TroLyNhac.app (in target 'TroLyNhac' from project 'TroLyNhac')
    cd /Users/kien/Project/navidrome/ios
    builtin-swiftStdLibTool --copy --verbose --sign - --scan-executable /Users/kien/Library/Developer/Xcode/DerivedData/TroLyNhac-biwnbarwgtouqngqzociyeitncoc/Build/Products/Debug-iphonesimulator/TroLyNhac.app/TroLyNhac.debug.dylib --scan-folder /Users/kien/Library/Developer/Xcode/DerivedData/TroLyNhac-biwnbarwgtouqngqzociyeitncoc/Build/Products/Debug-iphonesimulator/TroLyNhac.app/Frameworks --scan-folder /Users/kien/Library/Developer/Xcode/DerivedData/TroLyNhac-biwnbarwgtouqngqzociyeitncoc/Build/Products/Debug-iphonesimulator/TroLyNhac.app/PlugIns --scan-folder /Users/kien/Library/Developer/Xcode/DerivedData/TroLyNhac-biwnbarwgtouqngqzociyeitncoc/Build/Products/Debug-iphonesimulator/TroLyNhac.app/SystemExtensions --scan-folder /Users/kien/Library/Developer/Xcode/DerivedData/TroLyNhac-biwnbarwgtouqngqzociyeitncoc/Build/Products/Debug-iphonesimulator/TroLyNhac.app/Extensions --platform iphonesimulator --toolchain /var/run/com.apple.security.cryptexd/mnt/com.apple.MobileAsset.MetalToolchain-v17.6.109.0.zK7TLN/Metal.xctoolchain --toolchain /Applications/Xcode.app/Contents/Developer/Toolchains/XcodeDefault.xctoolchain --destination /Users/kien/Library/Developer/Xcode/DerivedData/TroLyNhac-biwnbarwgtouqngqzociyeitncoc/Build/Products/Debug-iphonesimulator/TroLyNhac.app/Frameworks --strip-bitcode --strip-bitcode-tool /Applications/Xcode.app/Contents/Developer/Toolchains/XcodeDefault.xctoolchain/usr/bin/bitcode_strip --emit-dependency-info /Users/kien/Library/Developer/Xcode/DerivedData/TroLyNhac-biwnbarwgtouqngqzociyeitncoc/Build/Intermediates.noindex/TroLyNhac.build/Debug-iphonesimulator/TroLyNhac.build/SwiftStdLibToolInputDependencies.dep --filter-for-swift-os --back-deploy-swift-span

AppIntentsSSUTraining (in target 'TroLyNhac' from project 'TroLyNhac')
    cd /Users/kien/Project/navidrome/ios
    /Applications/Xcode.app/Contents/Developer/Toolchains/XcodeDefault.xctoolchain/usr/bin/appintentsnltrainingprocessor --infoplist-path /Users/kien/Library/Developer/Xcode/DerivedData/TroLyNhac-biwnbarwgtouqngqzociyeitncoc/Build/Products/Debug-iphonesimulator/TroLyNhac.app/Info.plist --temp-dir-path /Users/kien/Library/Developer/Xcode/DerivedData/TroLyNhac-biwnbarwgtouqngqzociyeitncoc/Build/Intermediates.noindex/TroLyNhac.build/Debug-iphonesimulator/TroLyNhac.build/ssu --bundle-id me.troly.nhac.ios --product-path /Users/kien/Library/Developer/Xcode/DerivedData/TroLyNhac-biwnbarwgtouqngqzociyeitncoc/Build/Products/Debug-iphonesimulator/TroLyNhac.app --extracted-metadata-path /Users/kien/Library/Developer/Xcode/DerivedData/TroLyNhac-biwnbarwgtouqngqzociyeitncoc/Build/Products/Debug-iphonesimulator/TroLyNhac.app/Metadata.appintents --metadata-file-list /Users/kien/Library/Developer/Xcode/DerivedData/TroLyNhac-biwnbarwgtouqngqzociyeitncoc/Build/Intermediates.noindex/TroLyNhac.build/Debug-iphonesimulator/TroLyNhac.build/TroLyNhac.DependencyMetadataFileList --source-file /Users/kien/Library/Developer/Xcode/DerivedData/TroLyNhac-biwnbarwgtouqngqzociyeitncoc/Build/Products/Debug-iphonesimulator/TroLyNhac.app/Info.plist --archive-ssu-assets
2026-07-09 14:40:58.232 appintentsnltrainingprocessor[18185:1840483] Parsing options for appintentsnltrainingprocessor
2026-07-09 14:40:58.232 appintentsnltrainingprocessor[18185:1840483] Starting AppIntents SSU YAML Generation
2026-07-09 14:40:58.237 appintentsnltrainingprocessor[18185:1840483] No AppShortcuts found - Skipping.

CodeSign /Users/kien/Library/Developer/Xcode/DerivedData/TroLyNhac-biwnbarwgtouqngqzociyeitncoc/Build/Products/Debug-iphonesimulator/TroLyNhac.app/TroLyNhac.debug.dylib (in target 'TroLyNhac' from project 'TroLyNhac')
    cd /Users/kien/Project/navidrome/ios
    
    Signing Identity:     "Sign to Run Locally"
    
    /usr/bin/codesign --force --sign - --timestamp\=none --generate-entitlement-der /Users/kien/Library/Developer/Xcode/DerivedData/TroLyNhac-biwnbarwgtouqngqzociyeitncoc/Build/Products/Debug-iphonesimulator/TroLyNhac.app/TroLyNhac.debug.dylib

CodeSign /Users/kien/Library/Developer/Xcode/DerivedData/TroLyNhac-biwnbarwgtouqngqzociyeitncoc/Build/Products/Debug-iphonesimulator/TroLyNhac.app/__preview.dylib (in target 'TroLyNhac' from project 'TroLyNhac')
    cd /Users/kien/Project/navidrome/ios
    
    Signing Identity:     "Sign to Run Locally"
    
    /usr/bin/codesign --force --sign - --timestamp\=none --generate-entitlement-der /Users/kien/Library/Developer/Xcode/DerivedData/TroLyNhac-biwnbarwgtouqngqzociyeitncoc/Build/Products/Debug-iphonesimulator/TroLyNhac.app/__preview.dylib

CodeSign /Users/kien/Library/Developer/Xcode/DerivedData/TroLyNhac-biwnbarwgtouqngqzociyeitncoc/Build/Products/Debug-iphonesimulator/TroLyNhac.app (in target 'TroLyNhac' from project 'TroLyNhac')
    cd /Users/kien/Project/navidrome/ios
    
    Signing Identity:     "Sign to Run Locally"
    
    /usr/bin/codesign --force --sign - --timestamp\=none --generate-entitlement-der /Users/kien/Library/Developer/Xcode/DerivedData/TroLyNhac-biwnbarwgtouqngqzociyeitncoc/Build/Products/Debug-iphonesimulator/TroLyNhac.app

RegisterExecutionPolicyException /Users/kien/Library/Developer/Xcode/DerivedData/TroLyNhac-biwnbarwgtouqngqzociyeitncoc/Build/Products/Debug-iphonesimulator/TroLyNhac.app (in target 'TroLyNhac' from project 'TroLyNhac')
    cd /Users/kien/Project/navidrome/ios
    builtin-RegisterExecutionPolicyException /Users/kien/Library/Developer/Xcode/DerivedData/TroLyNhac-biwnbarwgtouqngqzociyeitncoc/Build/Products/Debug-iphonesimulator/TroLyNhac.app

Validate /Users/kien/Library/Developer/Xcode/DerivedData/TroLyNhac-biwnbarwgtouqngqzociyeitncoc/Build/Products/Debug-iphonesimulator/TroLyNhac.app (in target 'TroLyNhac' from project 'TroLyNhac')
    cd /Users/kien/Project/navidrome/ios
    builtin-validationUtility /Users/kien/Library/Developer/Xcode/DerivedData/TroLyNhac-biwnbarwgtouqngqzociyeitncoc/Build/Products/Debug-iphonesimulator/TroLyNhac.app -shallow-bundle -infoplist-subpath Info.plist

Touch /Users/kien/Library/Developer/Xcode/DerivedData/TroLyNhac-biwnbarwgtouqngqzociyeitncoc/Build/Products/Debug-iphonesimulator/TroLyNhac.app (in target 'TroLyNhac' from project 'TroLyNhac')
    cd /Users/kien/Project/navidrome/ios
    /usr/bin/touch -c /Users/kien/Library/Developer/Xcode/DerivedData/TroLyNhac-biwnbarwgtouqngqzociyeitncoc/Build/Products/Debug-iphonesimulator/TroLyNhac.app

** BUILD SUCCEEDED **

